work_id,old_id,type,type_num,language,creator,fictionality,commentary,note,created,created_by,last_modified,last_modified_by
W0001,PS00001,PS,1,en,AG0001,,"In the essay Lu Xun ""critized the large-scale suppression of speech and writing during the Qing dynasty and the early Republican era for producing a ""silent China"" ... for centuries",,2017-07-03,LH,2020-04-05,DP
W0002,PS00002,PS,2,en,AG0629,,,,2017-07-12,OS,2020-04-05,DP
W0003,PS00004,PS,4,en,AG0075,,,,2017-07-12,OS,2020-04-05,DP
W0004,PS00010,PS,10,en,AG0077,,,,2017-07-12,OS,2020-04-05,DP
W0005,PS00013,PS,13,en,AG0107,,,,2017-07-19,LH,2020-04-05,DP
W0006,PS00015,PS,15,en,AG0107,,,,2017-07-19,LH,2020-04-05,DP
W0007,PS00022,PS,22,de,AG0110,,http://epaper.gmw.cn/blqs/html/2012-01/07/nw.D110000blqs_20120107_3-08.htm?div=-1,,2017-07-19,OS,2020-04-05,DP
W0008,PS00023,PS,23,en,AG0111,,,,2017-07-20,OS,2020-04-05,DP
W0009,PS00024,PS,24,en,AG0112,,,,2017-07-25,MG,2020-04-05,DP
W0010,PS00025,PS,25,en,AG0001,,Letters between Two has been translated into English by Bonnie MacDougall. These are the heavily edited love letters between Lu Xun and his wife Xu Guangping,,2017-07-27,LH,2020-04-05,DP
W0011,PS00028,PS,28,en,AG0001,,,,2017-07-28,LH,2020-04-05,DP
W0012,PS00040,PS,40,fr,AG0091,,手抄本. First french edition of Les Fleurs du Mal 1857,,2017-08-07,MG,2020-04-05,DP
W0013,PS00041,PS,41,fr,AG0091,,,,2017-08-07,MG,2020-04-05,DP
W0014,PS00042,PS,42,fr,AG0091,,,,2017-08-07,MG,2020-04-05,DP
W0015,PS00050,PS,50,zh,AG0081,,"1902 Andreev published a short book called ""В тумане"" (ru) ""In the Fog"" (en) nowadays 雾中 (zh) its relation to the one mentioned by Guo Shiying is unknown",,2017-08-20,MG,2020-04-05,DP
W0016,PS00051,PS,51,en,AG0083,,Translated by project member,,2017-08-20,MG,2020-04-05,DP
W0017,PS00052,PS,52,fr,AG0090,,This book is a novella from the philosophical part from Balzac‘s La Comédie Humaine. First french edition 1837,,2017-08-25,MG,2020-04-05,DP
W0018,PS00053,PS,53,fr,AG0090,,A novel in Scènes de la vie en province in La Comédie Humaine. First french edition 1833,,2017-08-25,MG,2020-04-05,DP
W0019,PS00055,PS,55,en,AG0627,,a weekly newspaper,,2017-08-26,MG,2020-04-05,DP
W0020,PS00056,PS,56,en,AG0086,,,,2017-08-26,MG,2020-04-05,DP
W0021,PS00057,PS,57,en,AG0088,,,,2017-08-26,MG,2020-04-05,DP
W0022,PS00059,PS,59,en,AG0126,,During the early CR there circulated a translated manuscript. First Italian edition published in 1913.,,2018-04-25,MG,2020-04-05,DP
W0023,PS00060,PS,60,fr,AG0092,,,,2017-08-31,MG,2020-04-05,DP
W0024,PS00062,PS,62,en,AG0009,,the novel was first finished in 1974 but not published until 1979 in a revised version,,2017-09-06,MG,2020-04-05,DP
W0025,PS00063,PS,63,en,AG0009,,this poem was published in the underground magazine Jintian in 1978. first finished in 1973 and revised in 1978,,2017-09-06,MG,2020-04-05,DP
W0026,PS00064,PS,64,en,AG0009,,Translated by project member,,2017-09-06,MG,2020-04-05,DP
W0027,PS00065,PS,65,en,AG0009,,Translated by project member,,2017-09-08,MG,2020-04-05,DP
W0028,PS00066,PS,66,en,AG0009,,Translated by project member,,2017-09-08,MG,2020-04-05,DP
W0029,PS00067,PS,67,en,AG0009,,this poem was written between 1979 and 1983. published in Bei Dao Shi Xuan in 1986,,2017-09-08,MG,2020-04-05,DP
W0030,PS00068,PS,68,en,AG0009,,this poem was written between 1970 and 1978. published in Bei Dao Shi Xuan in 1986,,2017-09-08,MG,2020-04-05,DP
W0031,PS00069,PS,69,en,AG0009,,this poem was written between 1979 and 1983. published in Bei Dao Shi Xuan in 1986,,2017-09-08,MG,2020-04-05,DP
W0032,PS00070,PS,70,en,AG0097,,http://blog.boxun.com/hero/201410/blqwz/1_1.shtml. Translated by project member,,2017-09-15,MG,2020-04-05,DP
W0033,PS00071,PS,71,en,AG0118,,Translated by project member,,2017-09-15,MG,2020-04-05,DP
W0034,PS00072,PS,72,en,AG0118,,Translated by project member,,2017-09-15,MG,2020-04-05,DP
W0035,PS00073,PS,73,en,AG0102,,,,2017-09-15,MG,2020-04-05,DP
W0036,PS00074,PS,74,en,AG0129,,,,2017-09-22,MG,2020-04-05,DP
W0037,PS00076,PS,76,fr,AG0131,,Translated by Meng An 孟安.,,2017-09-22,MG,2020-04-05,DP
W0038,PS00077,PS,77,en,AG0132,,,,2017-09-22,MG,2020-04-05,DP
W0039,PS00078,PS,78,zh,AG0135,,,,2017-09-24,CW,2020-04-05,DP
W0040,PS00082,PS,82,en,AG0136,,,,2017-09-27,MG,2020-04-05,DP
W0041,PS00083,PS,83,en,AG0137,,Original publication 1896,,2017-09-27,MG,2020-04-05,DP
W0042,PS00084,PS,84,en,AG0117,,Translated by project member,,2017-09-29,MG,2020-04-05,DP
W0043,PS00085,PS,85,en,AG0139,,Original publication 1863,,2017-09-29,MG,2020-04-05,DP
W0044,PS00087,PS,87,en,AG0150,,,,2018-04-18,MG,2020-04-05,DP
W0045,PS00088,PS,88,en,AG0170,,,,2017-12-23,OS,2020-04-05,DP
W0046,PS00089,PS,89,en,AG0167,,,,2017-12-23,OS,2020-04-05,DP
W0047,PS00090,PS,90,en,AG0168,,,,2018-04-25,MG,2020-04-05,DP
W0048,PS00091,PS,91,en,AG0169,,,,2018-04-25,MG,2020-04-05,DP
W0049,PS00092,PS,92,en,AG0630,,,,2018-04-25,MG,2020-04-05,DP
W0050,PS00093,PS,93,de,AG0157,,,,2018-04-25,MG,2020-04-05,DP
W0051,PS00094,PS,94,de,AG0157,,,,2018-04-25,MG,2020-04-05,DP
W0052,PS00095,PS,95,de,AG0157,,,,2018-04-25,MG,2020-04-05,DP
W0053,PS00096,PS,96,en,AG0158,,,,2018-04-25,MG,2020-04-05,DP
W0054,PS00097,PS,97,en,AG0159,,,,2018-04-25,MG,2020-04-05,DP
W0055,PS00098,PS,98,en,AG0162,,,,2018-04-25,MG,2020-04-05,DP
W0056,PS00099,PS,99,en,AG0161,,,,2018-04-25,MG,2020-04-05,DP
W0057,PS00100,PS,100,en,AG0163,,,,2018-04-25,MG,2020-04-05,DP
W0058,PS00101,PS,101,en,AG0160,,,,2018-04-25,MG,2020-04-05,DP
W0059,PS00102,PS,102,en,AG0155,,This is the title Song Yongyi assumes was the original. It could also be Khrushchev Remembers: The last testament.,,2017-10-08,MG,2020-04-05,DP
W0060,PS00105,PS,105,en,AG0152,,,,2017-10-08,MG,2020-04-05,DP
W0061,PS00106,PS,106,en,AG0138,,,,2017-10-08,MG,2020-04-05,DP
W0062,PS00107,PS,107,en,AG0138,,,,2017-10-08,MG,2020-04-05,DP
W0063,PS00121,PS,121,en,AG0164,,,,2017-12-14,MG,2020-04-05,DP
W0064,PS00122,PS,122,en,AG0165,,,,2017-12-14,MG,2020-04-05,DP
W0065,PS00125,PS,125,en,AG0166,,,,2017-12-19,MG,2020-04-05,DP
W0066,PS00126,PS,126,en,AG0626,,,,2017-12-19,MG,2020-04-05,DP
W0067,PS00164,PS,164,en,AG0001,,,,2018-01-29,MG,2020-04-05,DP
W0068,PS00168,PS,168,en,AG0204,,,,2018-02-02,OS,2020-04-05,DP
W0069,PS00180,PS,180,en,AG0441,,,,2018-01-23,OS,2020-04-05,DP
W0070,PS00181,PS,181,en,AG0441,,Vol.1-4 1962-1964 and  vol.3-4 1979,,2018-01-23,OS,2020-04-05,DP
W0071,PS00182,PS,182,en,AG0442,,,,2018-01-24,OS,2020-04-05,DP
W0072,PS00183,PS,183,en,AG0443,,Translated by project member,,2018-01-24,OS,2020-04-05,DP
W0073,PS00184,PS,184,en,AG0443,,Translated by project member,,2018-01-24,OS,2020-04-05,DP
W0074,PS00186,PS,186,de,AG0444,,there were many editions of this work before and after the founding of the PRC,,2018-01-24,OS,2020-04-05,DP
W0075,PS00187,PS,187,de,AG0444,,,,2018-01-24,OS,2020-04-05,DP
W0076,PS00188,PS,188,en,AG0445,,,,2018-01-25,OS,2020-04-05,DP
W0077,PS00191,PS,191,en,AG0168,,,,2018-01-25,OS,2020-04-05,DP
W0078,PS00194,PS,194,en,AG0207,,,,2018-02-02,OS,2020-04-05,DP
W0079,PS00198,PS,198,en,AG0208,,,,2018-02-05,OS,2020-04-05,DP
W0080,PS00199,PS,199,en,AG0209,,,,2018-02-05,OS,2020-04-05,DP
W0081,PS00200,PS,200,en,AG0209,,,,2018-02-05,OS,2020-04-05,DP
W0082,PS00201,PS,201,en,AG0210,,It seems that there was no early PRC edition of the Canon.,,2018-02-05,OS,2020-04-05,DP
W0083,PS00202,PS,202,de,AG0211,,,,2018-02-06,OS,2020-04-05,DP
W0084,PS00203,PS,203,fr,AG0212,,An early PRC edition could not be found,,2018-02-06,OS,2020-04-05,DP
W0085,PS00206,PS,206,en,AG0023,,written in 1967. not officially published,,2018-02-09,OS,2020-04-05,DP
W0086,PS00207,PS,207,en,AG0154,,,,2018-02-11,OS,2020-04-05,DP
W0087,PS00208,PS,208,en,AG0070,,never officially published?,,2018-02-11,OS,2020-04-05,DP
W0088,PS00209,PS,209,en,AG0216,,,,2018-02-11,OS,2020-04-05,DP
W0089,PS00210,PS,210,fr,AG0217,,,,2018-02-11,OS,2020-04-05,DP
W0090,PS00211,PS,211,zh,AG0012,,circulation started in the early 1970s probably 1972,,2018-02-12,OS,2020-04-05,DP
W0091,PS00212,PS,212,fr,AG0218,,Not part of the neibu translations. Published in 1897 and forbidden after 1949,,2018-02-12,OS,2020-04-05,DP
W0092,PS00213,PS,213,en,AG0100,,It exists a neibu edition from 1959 (published in Shanghai wenyi chubanshe). In how far these two editions differ remains unclear.,,2018-02-12,OS,2020-04-05,DP
W0093,PS00215,PS,215,en,AG0219,,Translator seems to have access to the  original long before publication date of the Chinese translations,,2018-02-13,OS,2020-04-05,DP
W0094,PS00217,PS,217,de,AG0222,,,,2018-02-13,OS,2020-04-05,DP
W0095,PS00218,PS,218,en,AG0224,,,,2018-02-13,OS,2020-04-05,DP
W0096,PS00219,PS,219,en,AG0225,,,,2018-02-13,OS,2020-04-05,DP
W0097,PS00220,PS,220,en,AG0226,,Based on the first spanish edition of 1968,,2018-02-13,OS,2020-04-05,DP
W0098,PS00221,PS,221,en,AG0227,,First published 1963 in Colombo,,2018-02-13,OS,2020-04-05,DP
W0099,PS00222,PS,222,en,AG0019,,The poem was written in 1968,,2018-02-13,OS,2020-04-05,DP
W0100,PS00223,PS,223,en,AG0019,,Translated by project member. The poem was written in 1968,,2018-02-13,OS,2020-04-05,DP
W0101,PS00224,PS,224,en,AG0019,,The poem was written in 1968,,2018-02-13,OS,2020-04-05,DP
W0102,PS00225,PS,225,en,AG0019,,The poems were written between 1965-1968,,2018-02-13,OS,2020-04-05,DP
W0103,PS00226,PS,226,zh,AG0229,,The poems were written between 1960-1962,,2018-02-13,OS,2020-04-05,DP
W0104,PS00227,PS,227,en,AG0230,,,,2018-02-14,OS,2020-04-05,DP
W0105,PS00228,PS,228,en,AG0231,,,,2018-02-14,OS,2020-04-05,DP
W0106,PS00229,PS,229,en,AG0232,,One of the poems which captured the atmosphere among leaving Zhiqing the best,,2018-02-14,OS,2020-04-05,DP
W0107,PS00230,PS,230,zh,AG0232,,,,2018-02-14,OS,2020-04-05,DP
W0108,PS00231,PS,231,en,AG0233,,,,2018-02-14,OS,2020-04-05,DP
W0109,PS00232,PS,232,en,AG0234,,,,2018-02-14,OS,2020-04-05,DP
W0110,PS00233,PS,233,en,AG0235,,Chen Danqing claims that this book was popular among Zhiqing. We however could not find an earlier Chinese edition than 1981.,,2018-02-14,OS,2020-04-05,DP
W0111,PS00234,PS,234,en,AG0236,,,,2018-02-14,OS,2020-04-05,DP
W0112,PS00236,PS,236,en,AG0237,,,,2018-02-15,OS,2020-04-05,DP
W0113,PS00237,PS,237,en,AG0238,,Translated from French by Huang Yushi 黄雨石,,2018-02-15,OS,2020-04-05,DP
W0114,PS00239,PS,239,en,AG0240,,,,2018-02-16,OS,2020-04-05,DP
W0115,PS00241,PS,241,en,AG0204,,Translated by 张志强 and 陈世民,,2018-02-16,OS,2020-04-05,DP
W0116,PS00242,PS,242,en,AG0241,,,,2018-02-16,OS,2020-04-05,DP
W0117,PS00243,PS,243,en,AG0243,,,,2018-02-16,OS,2020-04-05,DP
W0118,PS00244,PS,244,en,AG0244,,among the first neibu publications from the 1970s,,2018-02-19,OS,2020-04-05,DP
W0119,PS00245,PS,245,ru,AG0244,,among the first neibu publications from the 1970s,,2018-02-19,OS,2020-04-05,DP
W0120,PS00246,PS,246,en,AG0245,,,,2018-02-19,OS,2020-04-05,DP
W0121,PS00247,PS,247,en,AG0246,,Gao Hua mentioned that this book was translated into Chinese in Shanghai in the late 1940s. Worldcat records an early edition with 1946 as the conceivable date of publication. Except for the translator 勤宣 no further details are given though.,,2018-02-19,OS,2020-04-05,DP
W0122,PS00248,PS,248,en,AG0247,,,,2018-02-19,OS,2020-04-05,DP
W0123,PS00249,PS,249,en,AG0158,,Original date of publication: 1917,,2018-02-20,OS,2020-04-05,DP
W0124,PS00250,PS,250,en,AG0248,,,,2018-02-27,OS,2020-04-05,DP
W0125,PS00252,PS,252,en,AG0251,,,,2018-02-28,OS,2020-04-05,DP
W0126,PS00253,PS,253,en,AG0254,,First published in a newspaper. Printed as a book in 1979.,,2018-02-28,OS,2020-04-05,DP
W0127,PS00254,PS,254,en,AG0256,,,,2018-03-06,MG,2020-04-05,DP
W0128,PS00255,PS,255,en,AG0256,,,,2018-03-06,MG,2020-04-05,DP
W0129,PS00257,PS,257,en,AG0001,,,,2018-03-09,MG,2020-04-05,DP
W0130,PS00258,PS,258,en,AG0261,,,,2018-03-09,MG,2020-04-05,DP
W0131,PS00259,PS,259,en,AG0262,,First translated into English as All Men are Brothers by Pearl S. Buck,,2018-03-12,MG,2020-04-05,DP
W0132,PS00260,PS,260,en,AG0263,,,,2018-03-12,MG,2020-04-05,DP
W0133,PS00261,PS,261,fr,AG0264,,,,2018-03-12,MG,2020-04-05,DP
W0134,PS00263,PS,263,en,AG0266,,,,2018-03-13,MG,2020-04-05,DP
W0135,PS00264,PS,264,en,AG0270,,a textbook that Wu had from Manchester college days,,2018-03-13,MG,2020-04-05,DP
W0136,PS00266,PS,266,en,AG0274,,,,2018-03-13,MG,2020-04-05,DP
W0137,PS00267,PS,267,en,AG0273,,,,2018-03-13,MG,2020-04-05,DP
W0138,PS00268,PS,268,en,AG0272,,,,2018-03-13,MG,2020-04-05,DP
W0139,PS00269,PS,269,en,AG0266,,,,2018-03-13,MG,2020-04-05,DP
W0140,PS00270,PS,270,en,AG0271,,The Story of Doctor Norman Bethune,,2018-03-13,MG,2020-04-05,DP
W0141,PS00271,PS,271,en,AG0275,,,,2018-03-17,WH,2020-04-05,DP
W0142,PS00272,PS,272,zh,AG0278,,,,2018-03-28,WH,2020-04-05,DP
W0143,PS00273,PS,273,en,AG0279,,,,2018-03-28,WH,2020-04-05,DP
W0144,PS00274,PS,274,en,AG0212,,It was also translated as 续侠隐记.,,2018-04-06,WH,2020-04-05,DP
W0145,PS00275,PS,275,en,AG0212,,,,2018-04-11,WH,2020-04-05,DP
W0146,PS00276,PS,276,en,AG0280,,,,2018-04-11,WH,2020-04-05,DP
W0147,PS00290,PS,290,en,AG0232,,,,2018-03-17,MG,2020-04-05,DP
W0148,PS00291,PS,291,zh,AG0232,,,,2018-03-17,MG,2020-04-05,DP
W0149,PS00292,PS,292,en,AG0283,,,,2018-03-17,MG,2020-04-05,DP
W0150,PS00297,PS,297,fr,AG0090,,,,2018-03-23,MG,2020-04-05,DP
W0151,PS00298,PS,298,en,AG0292,,,,2018-03-27,MG,2020-04-05,DP
W0152,PS00299,PS,299,en,AG0293,,,,2018-03-27,MG,2020-04-05,DP
W0153,PS00300,PS,300,en,AG0294,,also known as ‘The Nineteen’,,2018-03-27,MG,2020-04-05,DP
W0154,PS00301,PS,301,en,AG0150,,,,2018-03-27,MG,2020-04-05,DP
W0155,PS00307,PS,307,en,AG0297,,,,2018-04-03,MG,2020-04-05,DP
W0156,PS00309,PS,309,en,AG0299,,,,2018-04-03,MG,2020-04-05,DP
W0157,PS00310,PS,310,en,AG0299,,,,2018-04-03,MG,2020-04-05,DP
W0158,PS00311,PS,311,en,AG0300,,,,2018-04-05,MG,2020-04-05,DP
W0159,PS00328,PS,328,en,AG0308,,,,2018-04-13,MG,2020-04-05,DP
W0160,PS00330,PS,330,en,AG0285,,,,2018-04-13,MG,2020-04-05,DP
W0161,PS00331,PS,331,en,AG0285,,,,2018-04-13,MG,2020-04-05,DP
W0162,PS00332,PS,332,en,AG0285,,,,2018-04-13,MG,2020-04-05,DP
W0163,PS00333,PS,333,en,AG0309,,,,2018-04-13,MG,2020-04-05,DP
W0164,PS00334,PS,334,en,AG0311,,,,2018-05-07,MG,2020-04-05,DP
W0165,PS00335,PS,335,en,AG0312,,,,2018-05-08,MG,2020-04-05,DP
W0166,PS00336,PS,336,en,AG0312,,,,2018-05-08,MG,2020-04-05,DP
W0167,PS00337,PS,337,en,AG0313,,,,2018-05-08,MG,2020-04-05,DP
W0168,PS00338,PS,338,en,AG0314,,,,2018-05-08,MG,2020-04-05,DP
W0169,PS00339,PS,339,zh,AG0317,,,,2018-05-14,MG,2020-04-05,DP
W0170,PS00340,PS,340,zh,AG0318,,,,2018-05-14,MG,2020-04-05,DP
W0171,PS00341,PS,341,fr,AG0319,,,,2018-05-15,MG,2020-04-05,DP
W0172,PS00342,PS,342,en,AG0322,,,,2018-05-15,MG,2020-04-05,DP
W0173,PS00343,PS,343,zh,AG0323,,,,2018-05-15,MG,2020-04-05,DP
W0174,PS00344,PS,344,en,AG0329,,Translated by project member,,2018-05-22,MG,2020-04-05,DP
W0175,PS00345,PS,345,en,AG0330,,first published 1979 in Taibei,,2018-05-22,MG,2020-04-05,DP
W0176,PS00346,PS,346,en,AG0331,,and AG0332,,2018-05-22,MG,2020-04-05,DP
W0177,PS00347,PS,347,fr,AG0333,,,,2018-05-22,MG,2020-04-05,DP
W0178,PS00348,PS,348,de,AG0334,,,,2018-05-22,MG,2020-04-05,DP
W0179,PS00349,PS,349,en,AG0336,,,,2018-05-28,MG,2020-04-05,DP
W0180,PS00350,PS,350,fr,AG0342,,,,2018-05-28,MG,2020-04-05,DP
W0181,PS00351,PS,351,fr,AG0342,,,,2018-05-29,MG,2020-04-05,DP
W0182,PS00352,PS,352,en,AG0345,,earlier editions were published in Taipei in 1955,,2018-06-01,MG,2020-04-05,DP
W0183,PS00353,PS,353,fr,AG0346,,,,2018-06-01,MG,2020-04-05,DP
W0184,PS00354,PS,354,en,AG0347,,,,2018-06-01,MG,2020-04-05,DP
W0185,PS00355,PS,355,en,AG0286,,first russian publication in 1825,,2018-06-04,MG,2020-04-05,DP
W0186,PS00356,PS,356,en,AG0286,,,,2018-06-04,MG,2020-04-05,DP
W0187,PS00357,PS,357,en,AG0286,,,,2018-06-04,MG,2020-04-05,DP
W0188,PS00358,PS,358,en,AG0348,,,,2018-06-04,MG,2020-04-05,DP
W0189,PS00359,PS,359,en,AG0351,,,,2018-06-05,MG,2020-04-05,DP
W0190,PS00360,PS,360,en,AG0352,,,,2018-06-05,MG,2020-04-05,DP
W0191,PS00361,PS,361,en,AG0383,,,,2018-05-31,DM,2020-04-05,DP
W0192,PS00362,PS,362,fr,AG0385,,,,2018-05-31,DM,2020-04-05,DP
W0193,PS00363,PS,363,en,AG0386,,,,2018-05-31,DM,2020-04-05,DP
W0194,PS00364,PS,364,en,AG0386,,,,2018-05-31,DM,2020-04-05,DP
W0195,PS00365,PS,365,de,AG0387,,,,2018-05-31,DM,2020-04-05,DP
W0196,PS00366,PS,366,en,AG0391,,,,2018-05-31,DM,2020-04-05,DP
W0197,PS00367,PS,367,en,AG0301,,,,2018-05-31,DM,2020-04-05,DP
W0198,PS00368,PS,368,en,AG0256,,,,2018-06-01,DM,2020-04-05,DP
W0199,PS00369,PS,369,en,AG0395,,,,2018-06-01,DM,2020-04-05,DP
W0200,PS00370,PS,370,en,AG0398,,,,2018-08-06,DM,2020-04-05,DP
W0201,PS00371,PS,371,en,AG0401,,The book was published in the USSR in 1956/57. It took only two years for it to be translated and published in China.,,2018-08-06,DM,2020-04-05,DP
W0202,PS00372,PS,372,en,AG0402,,Title translation needed.,,2018-11-15,DM,2020-04-05,DP
W0203,PS00373,PS,373,en,AG0403,,,,2018-11-15,DM,2020-04-05,DP
W0204,PS00374,PS,374,en,AG0403,,Translated by project member.,,2018-11-15,DM,2020-04-05,DP
W0205,PS00375,PS,375,en,AG0404,,Official English translation missing.,,2018-11-17,DM,2020-04-05,DP
W0206,PS00376,PS,376,en,AG0405,,,,2018-11-17,DM,2020-04-05,DP
W0207,PS00377,PS,377,en,AG0406,,,,2018-11-17,DM,2020-04-05,DP
W0208,PS00379,PS,379,de,AG0410,,,,2019-01-08,DM,2020-04-05,DP
W0209,PS00380,PS,380,en,AG0169,,,,2019-01-08,DM,2020-04-05,DP
W0210,PS00381,PS,381,en,AG0412,,,,2019-01-08,DM,2020-04-05,DP
W0211,PS00382,PS,382,en,AG0264,,,,2019-01-08,DM,2020-04-05,DP
W0212,PS00383,PS,383,en,AG0413,,,,2019-01-08,DM,2020-04-05,DP
W0213,PS00384,PS,384,en,AG0414,,,,2019-01-08,DM,2020-04-05,DP
W0214,PS00385,PS,385,en,AG0414,,,,2019-01-08,DM,2020-04-05,DP
W0215,PS00386,PS,386,en,AG0416,,,,2019-01-08,DM,2020-04-05,DP
W0216,PS00387,PS,387,en,AG0417,,,,2019-01-08,DM,2020-04-05,DP
W0217,PS00401,PS,401,fr,AG0443,,,,2018-04-26,WH,2020-04-05,DP
W0218,PS00402,PS,402,de,AG0444,,,,2018-04-26,WH,2020-04-05,DP
W0219,PS00403,PS,403,en,AG0168,,,,2018-05-02,WH,2020-04-05,DP
W0220,PS00404,PS,404,zh,AG0168,,,,2018-05-03,WH,2020-04-05,DP
W0221,PS00405,PS,405,en,AG0420,,,,2018-05-03,WH,2020-04-05,DP
W0222,PS00406,PS,406,en,AG0421,,,,2018-05-03,WH,2020-04-05,DP
W0223,PS00407,PS,407,en,AG0423,,,,2018-06-21,WH,2020-04-05,DP
W0224,PS00408,PS,408,en,AG0054,,,,2018-06-21,WH,2020-04-05,DP
W0225,PS00409,PS,409,en,AG0424,,,,2018-07-09,WH,2020-04-05,DP
W0226,PS00410,PS,410,en,AG0054,,,,2018-07-09,WH,2020-04-05,DP
W0227,PS00411,PS,411,en,AG0054,,,,2018-07-10,WH,2020-04-05,DP
W0228,PS00412,PS,412,en,AG0054,,,,2018-07-10,WH,2020-04-05,DP
W0229,PS00413,PS,413,en,AG0425,,,,2018-07-10,WH,2020-04-05,DP
W0230,PS00414,PS,414,en,AG0237,,,,2018-07-12,WH,2020-04-05,DP
W0231,PS00451,PS,451,en,AG0352,,,,2018-06-05,MG,2020-04-05,DP
W0232,PS00452,PS,452,zh,AG0353,,,,2018-06-05,MG,2020-04-05,DP
W0233,PS00453,PS,453,en,AG0354,,,,2018-06-06,MG,2020-04-05,DP
W0234,PS00454,PS,454,en,AG0358,,,,2018-06-11,MG,2020-04-05,DP
W0235,PS00455,PS,455,en,AG0358,,,,2018-06-11,MG,2020-04-05,DP
W0236,PS00456,PS,456,en,AG0360,,,,2018-06-11,MG,2020-04-05,DP
W0237,PS00457,PS,457,en,AG0364,,,,2018-06-12,MG,2020-04-05,DP
W0238,PS00458,PS,458,en,AG0204,,,,2018-06-12,MG,2020-04-05,DP
W0239,PS00459,PS,459,en,AG0368,,,,2018-06-19,MG,2020-04-05,DP
W0240,PS00460,PS,460,en,AG0370,,,,2018-06-25,MG,2020-04-05,DP
W0241,PS00461,PS,461,en,AG0059,,,,2018-06-25,MG,2020-04-05,DP
W0242,PS00462,PS,462,zh,AG0001,,http://www.ziyexing.com/luxun/luxun_zw_hgj_12.htm,,2018-06-26,MG,2020-04-05,DP
W0243,PS00463,PS,463,en,AG0001,,written in 1925,,2018-06-26,MG,2020-04-05,DP
W0244,PS00464,PS,464,zh,AG0626,,,,2018-06-26,MG,2020-04-05,DP
W0245,PS00465,PS,465,en,AG0001,,Written 1926-04-01,,2018-06-28,MG,2020-04-05,DP
W0246,PS00466,PS,466,en,AG0375,,,,2018-06-28,MG,2020-04-05,DP
W0247,PS00467,PS,467,en,AG0377,,,,2018-07-03,MG,2020-04-05,DP
W0248,PS00468,PS,468,en,AG0382,,,,2018-07-04,MG,2020-04-05,DP
W0249,PS00469,PS,469,en,AG0429,,,,2018-07-09,MG,2020-04-05,DP
W0250,PS00470,PS,470,en,AG0150,,written in 1963,,2018-07-10,MG,2020-04-05,DP
W0251,PS00471,PS,471,en,AG0150,,,,2018-07-10,MG,2020-04-05,DP
W0252,PS00472,PS,472,en,AG0150,,,,2018-07-10,MG,2020-04-05,DP
W0253,PS00473,PS,473,en,AG0150,,written in 1935,,2018-07-10,MG,2020-04-05,DP
W0254,PS00474,PS,474,en,AG0150,,,,2018-07-10,MG,2020-04-05,DP
W0255,PS00475,PS,475,en,AG0150,,,,2018-07-10,MG,2020-04-05,DP
W0256,PS00476,PS,476,en,AG0150,,,,2018-07-10,MG,2020-04-05,DP
W0257,PS00477,PS,477,en,AG0432,,,,2018-07-13,MG,2020-04-05,DP
W0258,PS00478,PS,478,de,AG0157,,,,2018-07-13,MG,2020-04-05,DP
W0259,PS00479,PS,479,de,AG0157,,,,2018-07-13,MG,2020-04-05,DP
W0260,PS00480,PS,480,de,AG0157,,,,2018-07-13,MG,2020-04-05,DP
W0261,PS00481,PS,481,fr,AG0434,,,,2018-07-17,MG,2020-04-05,DP
W0262,PS00482,PS,482,de,AG0427,,,,2018-07-17,MG,2020-04-05,DP
W0263,PS00483,PS,483,fr,AG0437,,,,2018-07-20,MG,2020-04-05,DP
W0264,PS00484,PS,484,en,AG0439,,,,2018-07-20,MG,2020-04-05,DP
W0265,PS00485,PS,485,fr,AG0440,,,,2018-07-23,MG,2020-04-05,DP
W0266,PS00486,PS,486,en,AG0447,,Translated by project member.,,2018-07-30,MG,2020-04-05,DP
W0267,PS00487,PS,487,en,AG0448,,,,2018-08-16,MG,2020-04-05,DP
W0268,PS00488,PS,488,en,AG0449,,,,2018-08-16,MG,2020-04-05,DP
W0269,PS00489,PS,489,en,AG0203,,,,2018-10-16,LH,2020-04-05,DP
W0270,PS00490,PS,490,en,AG0626,,Translated by project member.,,2018-10-24,MG,2020-04-05,DP
W0271,PS00491,PS,491,en,AG0626,,Translated by project member.,,2018-10-24,MG,2020-04-05,DP
W0272,PS00492,PS,492,en,AG0626,,Translated by project member.,,2018-10-24,MG,2020-04-05,DP
W0273,PS00493,PS,493,en,AG0626,,Translated by project member.,,2018-10-24,MG,2020-04-05,DP
W0274,PS00632,PS,632,en,AG0626,,,,2018-10-24,MG,2021-08-12,DP
W0275,PS00494,PS,494,en,AG0467,,the poem was written in 1927,,2018-11-14,MG,2020-04-05,DP
W0276,PS00500,PS,500,en,AG0626,,,,2018-11-03,WH,2020-04-05,DP
W0277,PS00501,PS,501,en,AG0626,,Translated by project member.,,2018-11-03,WH,2020-04-05,DP
W0278,PS00502,PS,502,en,AG0626,,Translated by project member.,,2018-11-03,WH,2020-04-05,DP
W0279,PS00503,PS,503,en,AG0626,,Translated by project member.,,2018-11-03,WH,2020-04-05,DP
W0280,PS00504,PS,504,en,AG0626,,Translated by project member.,,2018-11-04,WH,2020-04-05,DP
W0281,PS00505,PS,505,en,AG0626,,,,2018-11-04,WH,2020-04-05,DP
W0282,PS00506,PS,506,en,AG0626,,,,2018-11-04,WH,2020-04-05,DP
W0283,PS00507,PS,507,en,AG0626,,,,2018-11-04,WH,2020-04-05,DP
W0284,PS00508,PS,508,en,AG0626,,,,2018-11-04,WH,2020-04-05,DP
W0285,PS00633,PS,633,en,AG0626,,,,2018-11-04,WH,2020-04-05,DP
W0286,PS00509,PS,509,en,AG0626,,,,2018-11-04,WH,2020-04-05,DP
W0287,PS00510,PS,510,en,AG0108,,,,2018-11-04,WH,2020-04-05,DP
W0288,PS00511,PS,511,en,AG0626,,,,2018-11-04,WH,2020-04-05,DP
W0289,PS00512,PS,512,en,AG0626,,,,2018-11-04,WH,2020-04-05,DP
W0290,PS00513,PS,513,en,AG0626,,,,2018-11-04,WH,2020-04-05,DP
W0291,PS00514,PS,514,en,AG0507,,,,2018-11-04,WH,2020-04-05,DP
W0292,PS00515,PS,515,en,AG0508,,Translated by project member.,,2018-11-04,WH,2020-04-05,DP
W0293,PS00516,PS,516,en,AG0626,,,,2018-11-04,WH,2020-04-05,DP
W0294,PS00517,PS,517,en,AG0509,,Translated by project member.,,2018-11-04,WH,2020-04-05,DP
W0295,PS00518,PS,518,en,AG0626,,,,2018-11-04,WH,2020-04-05,DP
W0296,PS00519,PS,519,en,AG0626,,,,2018-11-04,WH,2020-04-05,DP
W0297,PS00520,PS,520,en,AG0626,,,,2018-11-04,WH,2020-04-05,DP
W0298,PS00521,PS,521,en,AG0626,,,,2018-11-04,WH,2020-04-05,DP
W0299,PS00522,PS,522,en,AG0626,,,,2018-11-04,WH,2020-04-05,DP
W0300,PS00523,PS,523,en,AG0626,,,,2018-11-04,WH,2020-04-05,DP
W0301,PS00524,PS,524,en,AG0626,,Translated by project member.,,2018-11-04,WH,2020-04-05,DP
W0302,PS00525,PS,525,en,AG0262,,,,2018-11-04,WH,2020-04-05,DP
W0303,PS00526,PS,526,en,AG0640,,,,2018-11-04,WH,2020-04-05,DP
W0304,PS00527,PS,527,en,AG0641,,,,2018-11-04,WH,2020-04-05,DP
W0305,PS00528,PS,528,en,AG0515,,,,2018-11-04,WH,2020-04-05,DP
W0306,PS00529,PS,529,en,AG0626,,Translated by project member.,,2018-11-04,WH,2020-04-05,DP
W0307,PS00530,PS,530,en,AG0626,,Translated by project member.,,2018-11-06,WH,2020-04-05,DP
W0308,PS00531,PS,531,en,AG0626,,Translated by project member.,,2018-11-06,WH,2020-04-05,DP
W0309,PS00532,PS,532,en,AG0520,,Translated by project member.,,2018-11-06,WH,2020-04-05,DP
W0310,PS00533,PS,533,en,AG0521,,Translated by project member.,,2018-11-06,WH,2020-04-05,DP
W0311,PS00534,PS,534,en,AG0522,,Translated by project member.,,2018-11-06,WH,2020-04-05,DP
W0312,PS00535,PS,535,en,AG0536,,,,2018-11-09,WH,2020-04-05,DP
W0313,PS00536,PS,536,en,AG0626,,,,2018-11-09,WH,2020-04-05,DP
W0314,PS00537,PS,537,en,AG0626,,,,2018-11-09,WH,2020-04-05,DP
W0315,PS00538,PS,538,en,AG0626,,,,2018-11-09,WH,2020-04-05,DP
W0316,PS00539,PS,539,en,AG0626,,,,2018-11-09,WH,2020-04-05,DP
W0317,PS00540,PS,540,en,AG0626,,,,2018-11-09,WH,2020-04-05,DP
W0318,PS00541,PS,541,en,AG0626,,,,2018-11-09,WH,2020-04-05,DP
W0319,PS00542,PS,542,en,AG0351,,Translated by project member.,,2018-11-09,WH,2020-04-05,DP
W0320,PS00543,PS,543,en,AG0626,,Translated by project member.,,2018-11-09,WH,2020-04-05,DP
W0321,PS00544,PS,544,en,AG0626,,Translated by project member.,,2018-11-09,WH,2020-04-05,DP
W0322,PS00545,PS,545,en,AG0626,,Translated by project member.,,2018-11-09,WH,2020-04-05,DP
W0323,PS00546,PS,546,en,AG0626,,Translated by project member.,,2018-11-09,WH,2020-04-05,DP
W0324,PS00547,PS,547,en,AG0544,,,,2018-11-13,WH,2020-04-05,DP
W0325,PS00548,PS,548,en,AG0649,,,,2018-11-14,WH,2020-04-05,DP
W0326,PS00549,PS,549,en,AG0626,,,,2018-11-14,WH,2020-04-05,DP
W0327,PS00550,PS,550,en,AG0545,,,,2018-11-14,WH,2020-04-05,DP
W0328,PS00551,PS,551,en,AG0626,,Translated by project member.,,2018-11-15,WH,2020-04-05,DP
W0329,PS00552,PS,552,en,AG0650,,Translated by project member.,,2018-11-15,WH,2020-04-05,DP
W0330,PS00553,PS,553,en,AG0009,,,,2018-11-15,WH,2020-04-05,DP
W0331,PS00554,PS,554,en,AG0550,,,,2018-11-16,WH,2020-04-05,DP
W0332,PS00555,PS,555,en,AG0157,,It is a collection of works from AG0157 and AG0444.,,2018-11-16,WH,2020-04-05,DP
W0333,PS00556,PS,556,en,AG0626,,Translated by project member.,,2018-11-16,WH,2020-04-05,DP
W0334,PS00557,PS,557,en,AG0626,,,,2018-11-24,WH,2020-04-05,DP
W0335,PS00558,PS,558,en,AG0651,,,,2018-11-24,WH,2020-04-05,DP
W0336,PS00559,PS,559,en,AG0652,,,,2018-11-24,WH,2020-04-05,DP
W0337,PS00560,PS,560,en,AG0626,,,,2018-11-24,WH,2020-04-05,DP
W0338,PS00561,PS,561,en,AG0626,,,,2018-11-24,WH,2020-04-05,DP
W0339,PS00562,PS,562,en,AG0626,,,,2018-11-25,WH,2020-04-05,DP
W0340,PS00563,PS,563,en,AG0431,,Translated by project member.,,2018-11-25,WH,2020-04-05,DP
W0341,PS00564,PS,564,en,AG0653,,,,2018-11-25,WH,2020-04-05,DP
W0342,PS00565,PS,565,en,AG0626,,,,2018-11-25,WH,2020-04-05,DP
W0343,PS00566,PS,566,en,AG0626,,Translated by project member.,,2018-11-25,WH,2020-04-05,DP
W0344,PS00567,PS,567,en,AG0626,,Translated by project member.,,2018-11-25,WH,2020-04-05,DP
W0345,PS00568,PS,568,en,AG0626,,Translated by project member.,,2018-11-25,WH,2020-04-05,DP
W0346,PS00569,PS,569,en,AG0626,,Translated by project member.,,2018-11-25,WH,2020-04-05,DP
W0347,PS00570,PS,570,en,AG0626,,Translated by project member.,,2018-11-25,WH,2020-04-05,DP
W0348,PS00571,PS,571,en,AG0626,,Translated by project member.,,2018-11-25,WH,2020-04-05,DP
W0349,PS00572,PS,572,en,AG0150,,Translated by project member.,,2018-11-25,WH,2020-04-05,DP
W0350,PS00573,PS,573,en,AG0562,,Translated by project member.,,2018-12-15,WH,2020-04-05,DP
W0351,PS00574,PS,574,en,AG0563,,Translated by project member.,,2018-12-15,WH,2020-04-05,DP
W0352,PS00575,PS,575,en,AG0564,,Translated by project member.,,2018-12-16,WH,2020-04-05,DP
W0353,PS00576,PS,576,en,AG0565,,Translated by project member.,,2018-12-16,WH,2020-04-05,DP
W0354,PS00577,PS,577,en,AG0567,,Another author is AG0568.,,2018-12-17,WH,2020-04-05,DP
W0355,PS00578,PS,578,en,AG0569,,,,2018-12-22,WH,2020-04-05,DP
W0356,PS00579,PS,579,en,AG0570,,Another author is AG0571. Translated by project member.,,2018-12-22,WH,2020-04-05,DP
W0357,PS00580,PS,580,en,AG0575,,Translated by project member.,,2018-12-24,WH,2020-04-05,DP
W0358,PS00581,PS,581,en,AG0576,,Translated by project member.,,2018-12-24,WH,2020-04-05,DP
W0359,PS00582,PS,582,en,AG0578,,Translated by project member.,,2018-12-24,WH,2020-04-05,DP
W0360,PS00583,PS,583,en,AG0115,,Translated by project member.,,2018-12-24,WH,2020-04-05,DP
W0361,PS00584,PS,584,en,AG0579,,,,2019-01-25,WH,2020-04-05,DP
W0362,PS00585,PS,585,en,AG0579,,Translated by project member.,,2019-01-26,WH,2020-04-05,DP
W0363,PS00586,PS,586,en,AG0580,,Translated by project member.,,2019-01-26,WH,2020-04-05,DP
W0364,PS00587,PS,587,en,AG0583,,,,2019-01-28,WH,2020-04-05,DP
W0365,PS00588,PS,588,en,AG0018,,Translated by project member.,,2019-01-29,WH,2020-04-05,DP
W0366,PS00589,PS,589,en,AG0134,,Translated by project member. The manuscript of this book was burned as firewood by the author’s mother.,,2019-02-17,WH,2020-04-05,DP
W0367,PS00590,PS,590,en,AG0586,,Translated by project member.,,2019-02-17,WH,2020-04-05,DP
W0368,PS00591,PS,591,en,AG0590,,,,2019-02-17,WH,2020-04-05,DP
W0369,PS00592,PS,592,en,AG0591,,Translated by project member.,,2019-02-17,WH,2020-04-05,DP
W0370,PS00593,PS,593,en,AG0592,,Translated by project member.,,2019-02-17,WH,2020-04-05,DP
W0371,PS00594,PS,594,en,AG0012,,circulation started in the early 1970s probably 1972,,2019-02-17,WH,2020-04-05,DP
W0372,PS00595,PS,595,en,AG0012,,circulation started in the early 1970s probably 1972,,2019-02-17,WH,2020-04-05,DP
W0373,PS00596,PS,596,en,AG0012,,circulation started in the early 1970s probably 1972,,2019-02-17,WH,2020-04-05,DP
W0374,PS00597,PS,597,en,AG0592,,Translated by project member.,,2019-02-23,WH,2020-04-05,DP
W0375,PS00598,PS,598,en,AG0593,,Translated by project member.,,2019-02-23,WH,2020-04-05,DP
W0376,PS00599,PS,599,en,AG0594,,Translated by project member.,,2019-02-23,WH,2020-04-05,DP
W0377,PS00620,PS,620,en,AG0495,,,,2018-12-11,MG,2020-04-05,DP
W0378,PS00600,PS,600,fr,AG0443,,Written in 1918,,2019-02-04,MG,2020-04-05,DP
W0379,PS00621,PS,621,zh,AG0494,,,,2018-12-11,MG,2020-04-05,DP
W0380,PS00602,PS,602,zh,AG0493,,,,2018-12-11,MG,2020-04-05,DP
W0381,PS00622,PS,622,en,AG0608,,,,2019-02-11,MG,2020-04-05,DP
W0382,PS00603,PS,603,en,AG0491,,Translated by project member,,2018-12-15,MG,2020-04-05,DP
W0383,PS00623,PS,623,zh,AG0609,,Semi-overt distribution in China,,2019-02-11,MG,2020-04-05,DP
W0384,PS00624,PS,624,zh,AG0490,,earlier editions were published in Taipei,,2018-12-12,MG,2020-04-05,DP
W0385,PS00604,PS,604,en,AG0613,,big character poster,,2019-02-18,LH,2020-04-05,DP
W0386,PS00605,PS,605,en,AG0488,,,,2018-12-12,MG,2020-04-05,DP
W0387,PS00625,PS,625,en,AG0615,,,,2019-02-18,LH,2020-04-05,DP
W0388,PS00606,PS,606,en,AG0483,,,,2018-12-12,MG,2020-04-05,DP
W0389,PS00626,PS,626,en,AG0616,,,,2019-03-08,MG,2020-04-05,DP
W0390,PS00607,PS,607,en,AG0483,,,,2018-12-12,MG,2020-04-05,DP
W0391,PS00627,PS,627,en,AG0618,,,,2019-03-09,MG,2020-04-05,DP
W0392,PS00608,PS,608,en,AG0482,,,,2018-12-12,MG,2020-04-05,DP
W0393,PS00628,PS,628,en,AG0619,,,,2019-03-09,MG,2020-04-05,DP
W0394,PS00629,PS,629,zh,AG0251,,,,2018-12-15,MG,2020-04-05,DP
W0395,PS00609,PS,609,en,AG0620,,,,2019-03-09,MG,2020-04-05,DP
W0396,PS00630,PS,630,zh,AG0481,,The word ‘Tongzhi’ was added to the work name after ‘Mao Zedong’ on the first Chinese edition.,,2018-12-15,MG,2020-04-05,DP
W0397,PS00610,PS,610,en,AG0620,,This article was published as a capital of his collection.,,2019-03-08,MG,2020-04-05,DP
W0398,PS00631,PS,631,ru,AG0496,,,,2019-05-02,WH,2020-04-05,DP
W0399,PS00611,PS,611,zh,AG0006,,,,2019-03-09,MG,2020-04-05,DP
W0400,PS00612,PS,612,zh,AG0497,,,,2018-12-15,MG,2020-04-05,DP
W0401,PS00613,PS,613,en,AG0626,,,,2019-01-31,LH,2020-04-05,DP
W0402,PS00614,PS,614,zh,AG0150,,,,2018-12-30,MG,2020-04-05,DP
W0403,PS00615,PS,615,en,AG0150,,,,2018-12-30,MG,2020-04-05,DP
W0404,PS00616,PS,616,zh,AG0150,,,,2018-12-30,MG,2020-04-05,DP
W0405,PS00617,PS,617,zh,AG0150,,,,2018-12-30,MG,2020-04-05,DP
W0406,PS00700,PS,700,en,AG0597,,Translated by project member.,,2019-02-23,WH,2020-04-05,DP
W0407,PS00701,PS,701,en,AG0225,,,,2019-02-24,WH,2020-04-05,DP
W0408,PS00702,PS,702,en,AG0598,,,,2019-02-24,WH,2020-04-05,DP
W0409,PS00703,PS,703,fr,AG0600,,Translated from French by AG0091.,,2019-02-24,WH,2020-04-05,DP
W0410,PS00704,PS,704,en,AG0603,,,,2019-02-24,WH,2020-04-05,DP
W0411,PS00705,PS,705,en,AG0603,,,,2019-02-24,WH,2020-04-05,DP
W0412,PS00706,PS,706,en,AG0604,,This work was possibly written by him. The Chinese title is translated by project member.,,2019-02-24,WH,2020-04-05,DP
W0413,PS00707,PS,707,en,AG0605,,,,2019-03-08,LH,2020-04-05,DP
W0414,PS09999,PS,9999,en,AG0626,,,,2018-04-10,MG,2020-04-05,DP
W0415,PS00708,PS,708,zh,AG0626,,,,2019-06-04,WH,2020-04-05,DP
W0416,PS00709,PS,709,en,AG0286,,The title is probably a typo: 普希金诗抄.,,2019-06-06,WH,2020-04-05,DP
W0417,PS00710,PS,710,en,AG0654,,,,2019-06-16,WH,2020-04-05,DP
W0418,SS00003,SS,3,en,AG0062,,,,2017-07-12,OS,2020-04-05,DP
W0419,SS00005,SS,5,zh,AG0103,,,,2017-07-12,OS,2020-04-05,DP
W0420,SS00006,SS,6,en,AG0020,,,,2017-07-12,OS,2020-04-05,DP
W0421,SS00007,SS,7,zh,AG0103,,,,2017-07-12,OS,2020-04-05,DP
W0422,SS00009,SS,9,en,AG0017,,,,2017-07-12,OS,2020-04-05,DP
W0423,SS00011,SS,11,zh,AG0104,,,,2017-07-12,OS,2020-04-05,DP
W0424,SS00012,SS,12,zh,AG0105,,,,2017-07-12,OS,2020-04-05,DP
W0425,SS00014,SS,14,en,AG0106,,,,2017-07-19,LH,2020-04-05,DP
W0426,SS00026,SS,26,en,AG0113,,The text is about the author's experience in Fishing grounds while checking out the May 16th components (清查五一六分子) happened. The author was afraid of being categorized as May 16th components by his supervisor.,,2017-07-27,LH,2020-04-05,DP
W0427,SS00027,SS,27,en,AG0057,,,,2017-07-27,LH,2020-04-05,DP
W0428,SS00029,SS,29,en,AG0029,,Translated by Project Member,,2017-07-28,LH,2020-04-05,DP
W0429,SS00030,SS,30,en,AG0114,,In this book Zhang Yang relates how he wrote and rewrote his shouchao novel The Second Handshake. He thus also relates his imprisonment and other experiences during the CR (also includes childhood and time after the CR),,2017-08-01,LH,2020-04-05,DP
W0430,SS00043,SS,43,en,AG0117,,Translated by project member,,2017-08-08,MG,2020-04-05,DP
W0431,SS00044,SS,44,en,AG0009,,,,2017-08-07,MG,2020-04-05,DP
W0432,SS00045,SS,45,en,AG0120,,,,2017-08-11,MG,2020-04-05,DP
W0433,SS00061,SS,61,en,AG0127,,,,2017-09-06,CW,2020-04-05,DP
W0434,SS00075,SS,75,en,AG0130,,,,2017-09-22,MG,2020-04-05,DP
W0435,SS00108,SS,108,en,AG0156,,,,2017-10-09,MG,2020-04-05,DP
W0436,SS00109,SS,109,en,AG0031,,,,2017-10-09,MG,2020-04-05,DP
W0437,SS00110,SS,110,en,AG0121,,Translated by project member,,2017-11-08,MG,2020-04-05,DP
W0438,SS00111,SS,111,en,AG0123,,Translated by project member,,2017-11-08,MG,2020-04-05,DP
W0439,SS00112,SS,112,en,AG0003,,,,2017-12-13,MG,2020-04-05,DP
W0440,SS00113,SS,113,de,AG0061,,,,2017-12-13,MG,2020-04-05,DP
W0441,SS00114,SS,114,en,AG0010,,,,2017-12-13,MG,2020-04-05,DP
W0442,SS00115,SS,115,en,AG0120,,,,2017-12-13,MG,2020-04-05,DP
W0443,SS00116,SS,116,en,AG0033,,,,2017-12-13,MG,2020-04-05,DP
W0444,SS00117,SS,117,en,AG0058,,,,2017-12-13,MG,2020-04-05,DP
W0445,SS00118,SS,118,en,AG0035,,,,2017-12-13,MG,2020-04-05,DP
W0446,SS00119,SS,119,en,AG0041,,,,2017-12-13,MG,2020-04-05,DP
W0447,SS00120,SS,120,en,AG0045,,,,2017-12-13,MG,2020-04-05,DP
W0448,SS00123,SS,123,en,AG0073,,,,2017-12-17,MG,2020-04-05,DP
W0449,SS00124,SS,124,en,AG0171,,,,2017-12-23,OS,2020-04-05,DP
W0450,SS00127,SS,127,en,AG0016,,,,2017-12-29,OS,2020-04-05,DP
W0451,SS00128,SS,128,en,AG0063,,,,2017-12-29,OS,2020-04-05,DP
W0452,SS00129,SS,129,en,AG0172,,,,2017-12-29,OS,2020-04-05,DP
W0453,SS00130,SS,130,en,AG0048,,Translated by project member,,2017-12-27,MG,2020-04-05,DP
W0454,SS00131,SS,131,en,AG0188,,Translated by project member,,2017-12-27,MG,2020-04-05,DP
W0455,SS00133,SS,133,en,AG0051,,Translated by project member,,2017-12-27,MG,2020-04-05,DP
W0456,SS00134,SS,134,en,AG0189,,Translated by project member,,2017-12-27,MG,2020-04-05,DP
W0457,SS00135,SS,135,en,AG0039,,Translated by project member,,2017-12-27,MG,2020-04-05,DP
W0458,SS00136,SS,136,en,AG0190,,Translated by project member,,2017-12-27,MG,2020-04-05,DP
W0459,SS00137,SS,137,en,AG0049,,Translated by project member,,2017-12-27,MG,2020-04-05,DP
W0460,SS00138,SS,138,en,AG0187,,,,2018-01-03,OS,2020-04-05,DP
W0461,SS00139,SS,139,en,AG0173,,Translated by project member,,2018-01-05,MG,2020-04-05,DP
W0462,SS00140,SS,140,en,AG0175,,Translated by project member,,2018-01-05,MG,2020-04-05,DP
W0463,SS00141,SS,141,en,AG0176,,Translated by project member,,2018-01-05,MG,2020-04-05,DP
W0464,SS00142,SS,142,en,AG0177,,Translated by project member,,2018-01-05,MG,2020-04-05,DP
W0465,SS00143,SS,143,en,AG0178,,Translated by project member,,2018-01-05,MG,2020-04-05,DP
W0466,SS00144,SS,144,en,AG0179,,Translated by project member,,2018-01-05,MG,2020-04-05,DP
W0467,SS00145,SS,145,en,AG0182,,Translated by project member,,2018-01-05,MG,2020-04-05,DP
W0468,SS00146,SS,146,en,AG0184,,Translated by project member,,2018-01-05,MG,2020-04-05,DP
W0469,SS00147,SS,147,en,AG0185,,Translated by project member,,2018-01-05,MG,2020-04-05,DP
W0470,SS00148,SS,148,en,AG0186,,Translated by project member,,2018-01-05,MG,2020-04-05,DP
W0471,SS00149,SS,149,en,AG0115,,Translated by project member,,2018-01-08,MG,2020-04-05,DP
W0472,SS00150,SS,150,en,AG0043,,Translated by project member,,2018-01-10,MG,2020-04-05,DP
W0473,SS00151,SS,151,en,AG0072,,,,2018-01-10,MG,2020-04-05,DP
W0474,SS00152,SS,152,en,AG0124,,Translated by project member,,2018-01-12,MG,2020-04-05,DP
W0475,SS00153,SS,153,en,AG0116,,Translated by project member,,2018-01-12,MG,2020-04-05,DP
W0476,SS00154,SS,154,en,AG0118,,Translated by project member,,2018-01-12,MG,2020-04-05,DP
W0477,SS00155,SS,155,en,AG0011,,Translated by project member,,2018-01-12,MG,2020-04-05,DP
W0478,SS00156,SS,156,en,AG0191,,Translated by project member,,2018-01-12,MG,2020-04-05,DP
W0479,SS00157,SS,157,en,AG0125,,Translated by project member,,2018-01-12,MG,2020-04-05,DP
W0480,SS00158,SS,158,en,AG0018,,Translated by project member,,2018-01-12,MG,2020-04-05,DP
W0481,SS00159,SS,159,en,AG0192,,Translated by project member,,2018-01-12,MG,2020-04-05,DP
W0482,SS00160,SS,160,en,AG0134,,Translated by project member,,2018-01-12,MG,2020-04-05,DP
W0483,SS00161,SS,161,en,AG0193,,Translated by project member,,2018-01-12,MG,2020-04-05,DP
W0484,SS00162,SS,162,en,AG0194,,Translated by project member,,2018-01-12,MG,2020-04-05,DP
W0485,SS00163,SS,163,en,AG0122,,Translated by project member,,2018-01-12,MG,2020-04-05,DP
W0486,SS00185,SS,185,en,AG0003,,Translated by project member,,2018-01-24,OS,2020-04-05,DP
W0487,SS00189,SS,189,en,AG0009,,Translated by project member,,2018-01-25,OS,2020-04-05,DP
W0488,SS00190,SS,190,en,AG0195,,Translated by project member,,2018-01-25,OS,2020-04-05,DP
W0489,SS00192,SS,192,en,AG0196,,,,2018-01-25,OS,2020-04-05,DP
W0490,SS00170,SS,170,en,AG0197,,,,2018-02-01,OS,2020-04-05,DP
W0491,SS00193,SS,193,en,AG0118,,the 2nd part of the title is a reference to a poem by Baudelaire. Translated by project member,,2018-02-02,OS,2020-04-05,DP
W0492,SS00195,SS,195,en,AG0002,,Translated by project member,,2018-02-03,OS,2020-04-05,DP
W0493,SS00196,SS,196,en,AG0120,,Translated by project member,,2018-02-03,OS,2020-04-05,DP
W0494,SS00197,SS,197,en,AG0105,,Translated by project member,,2018-02-03,OS,2020-04-05,DP
W0495,SS00205,SS,205,en,AG0214,,,,2018-02-06,OS,2020-04-05,DP
W0496,SS00206,SS,206,en,AG0221,,,,2018-02-13,OS,2020-04-05,DP
W0497,SS00207,SS,207,en,AG0239,,Translated by project member,,2018-02-19,MG,2020-04-05,DP
W0498,SS00208,SS,208,en,AG0250,,,,2018-02-27,OS,2020-04-05,DP
W0499,SS00209,SS,209,en,AG0252,,,,2018-02-27,OS,2020-04-05,DP
W0500,SS00210,SS,210,en,AG0242,,,,2018-02-16,OS,2020-04-05,DP
W0501,SS00238,SS,238,en,AG0011,,徐浩渊 writes about her experience as a Zhiqing in Baiyangdian; Translated by project member,,2018-02-21,MG,2020-04-05,DP
W0502,SS00239,SS,239,en,AG0069,,Interview with 蒋定粤 about her experience with 太阳纵队; Translated by project member,,2018-02-27,MG,2020-04-05,DP
W0503,SS00240,SS,240,en,AG0105,,Interview with徐晓 about her experience during 文革; Translated by project member,,2018-02-27,MG,2020-04-05,DP
W0504,SS00241,SS,241,en,AG0113,,黄晓龙 wrote about his experience during 文革 in Chongqing; Translated by project member,,2018-02-27,MG,2020-04-05,DP
W0505,SS00242,SS,242,en,AG0173,,texts from 方子奋 about his ten years experience in prison; Translated by project member,,2018-02-27,MG,2020-04-05,DP
W0506,SS00243,SS,243,en,AG0173,,texts from 方子奋 about his ten years experience in prison; Translated by project member,,2018-02-27,MG,2020-04-05,DP
W0507,SS00244,SS,244,en,AG0175,,戴为伟 wrote about her childhood and her mother’s experience; Translated by project member,,2018-02-27,MG,2020-04-05,DP
W0508,SS00245,SS,245,en,AG0183,,by 马文蔚 about 九一三; Translated by project member,,2018-02-27,MG,2020-04-05,DP
W0509,SS00246,SS,246,en,AG0033,,周孜仁 wrote it about 九一三; Translated by project member,,2018-02-27,MG,2020-04-05,DP
W0510,SS00247,SS,247,en,AG0104,,http://www.51papers.com/lw/70/26/wz218111.htm; Translated by project member,,2018-02-27,MG,2020-04-05,DP
W0511,SS00248,SS,248,en,AG0257,,,,2018-03-06,MG,2020-04-05,DP
W0512,SS00268,SS,268,en,AG0282,,,,2018-03-17,MG,2020-04-05,DP
W0513,SS00269,SS,269,en,AG0291,,,,2018-03-27,MG,2020-04-05,DP
W0514,SS00270,SS,270,en,AG0310,,Translated by project member,,2018-04-09,MG,2020-04-05,DP
W0515,SS00271,SS,271,en,AG0033,,周孜仁 recalled his father.,,2018-05-03,WH,2020-04-05,DP
W0516,SS00272,SS,272,en,AG0324,,Translated by project member,,2018-05-15,MG,2020-04-05,DP
W0517,SS00249,SS,249,en,AG0343,,,,2018-05-29,MG,2020-04-05,DP
W0518,SS00250,SS,250,en,AG0369,,,,2018-06-19,MG,2020-04-05,DP
W0519,SS00251,SS,251,en,AG0373,,,,2018-06-25,MG,2020-04-05,DP
W0520,SS00252,SS,252,en,AG0374,,Translated by project member,,2018-06-26,MG,2020-04-05,DP
W0521,SS00253,SS,253,en,AG0430,,Translated by project member,,2018-07-10,MG,2020-04-05,DP
W0522,SS00254,SS,254,en,AG0431,,Translated by project member,,2018-07-10,MG,2020-04-05,DP
W0523,SS00255,SS,255,en,AG0506,,,,2018-10-16,LH,2020-04-05,DP
W0524,SS00256,SS,256,en,AG0468,,Translated by project member,,2018-11-18,MG,2020-04-05,DP
W0525,SS00257,SS,257,zh,AG0031,,,,2018-11-18,MG,2020-04-05,DP
W0526,SS00258,SS,258,en,AG0517,,Translated by project member,,2018-11-06,WH,2020-04-05,DP
W0527,SS00259,SS,259,en,AG0518,,Translated by project member,,2018-11-06,WH,2020-04-05,DP
W0528,SS00260,SS,260,en,AG0519,,Translated by project member,,2018-11-06,WH,2020-04-05,DP
W0529,SS00261,SS,261,en,AG0614,,,,2019-02-19,LH,2020-04-05,DP
W0530,AW00058,AW,58,en,AG0080,,,,2018-02-09,OS,2020-04-05,DP
W0531,AW00079,AW,79,en,AG0136,,,,2018-02-09,OS,2020-04-05,DP
W0532,AW00080,AW,80,en,AG0136,,,,2018-02-09,OS,2020-04-05,DP
W0533,AW00081,AW,81,en,AG0136,,,,2018-02-09,OS,2020-04-05,DP
W0534,AW00082,AW,82,en,AG0288,,,,2018-03-23,MG,2020-04-05,DP
W0535,AW00083,AW,83,en,AG0289,,,,2018-03-23,MG,2020-04-05,DP
W0536,AW00084,AW,84,en,AG0636,,,,2018-03-27,MG,2020-04-05,DP
W0537,AW00085,AW,85,en,AG0295,,,,2018-04-03,MG,2020-04-05,DP
W0538,AW00086,AW,86,en,AG0276,,,,2018-03-17,WH,2020-04-05,DP
W0539,AW00087,AW,87,en,AG0030,,,,2018-03-17,WH,2020-04-05,DP
W0540,AW00088,AW,88,en,AG0281,,,,2018-04-11,WH,2020-04-05,DP
W0541,AW00089,AW,89,en,AG0281,,,,2018-04-11,WH,2020-04-05,DP
W0542,AW00090,AW,90,en,AG0153,,movie first screened in 1952 (Italy),,2018-04-25,MG,2020-04-05,DP
W0543,AW00091,AW,91,en,AG0384,,,,2018-05-31,DM,2020-04-05,DP
W0544,AW00092,AW,92,en,AG0388,,,,2018-05-31,DM,2020-04-05,DP
W0545,AW00093,AW,93,zh,AG0394,,,,2018-06-01,DM,2020-04-05,DP
W0546,AW00100,AW,100,en,AG0344,,,,2018-05-30,MG,2020-04-05,DP
W0547,AW00101,AW,101,en,AG0344,,,,2018-05-30,MG,2020-04-05,DP
W0548,AW00102,AW,102,en,AG0363,,,,2018-06-12,MG,2020-04-05,DP
W0549,AW00103,AW,103,en,AG0366,,Show tune from the 1927 musical Show boat; Lyrics by: AG0367,,2018-06-12,MG,2020-04-05,DP
W0550,AW00104,AW,104,en,AG0372,,,,2018-06-25,MG,2020-04-05,DP
W0551,AW00105,AW,105,en,AG0428,,Translated by project member.,,2018-07-09,MG,2020-04-05,DP
W0552,AW00106,AW,106,en,AG0093,,,,2018-08-03,MG,2020-04-05,DP
W0553,AW00107,AW,107,en,AG0093,,,,2018-08-03,MG,2020-04-05,DP
W0554,AW09999,AW,9999,en,AG0626,,,,2018-06-21,WH,2020-04-05,DP
W0555,AW00200,AW,200,en,AG0461,,the poem was written in 1788,,2018-11-06,MG,2020-04-05,DP
W0556,AW00201,AW,201,fr,AG0238,,,,2018-11-07,MG,2020-04-05,DP
W0557,AW00108,AW,108,en,AG0637,,,,2018-11-04,WH,2020-04-05,DP
W0558,AW00109,AW,109,en,AG0626,,Translated by project member.,,2018-11-04,WH,2020-04-05,DP
W0559,AW00110,AW,110,en,AG0510,,Translated by project member.,,2018-11-04,WH,2020-04-05,DP
W0560,AW00111,AW,111,en,AG0638,,It was later adapted into movie and TV shows.,,2018-11-04,WH,2020-04-05,DP
W0561,AW00112,AW,112,en,AG0639,,Translated by project member.,,2018-11-04,WH,2020-04-05,DP
W0562,AW00113,AW,113,en,AG0511,,Lyrics by AG0512.,,2018-11-04,WH,2020-04-05,DP
W0563,AW00114,AW,114,en,AG0513,,Lyrics by AG0514 in 1871.,,2018-11-04,WH,2020-04-05,DP
W0564,AW00115,AW,115,en,AG0626,,Insert song from W0565; translated by project member.,,2018-11-04,WH,2020-04-05,DP
W0565,AW00116,AW,116,en,AG0372,,,,2018-11-04,WH,2020-04-05,DP
W0566,AW00117,AW,117,en,AG0626,,,,2018-11-04,WH,2020-04-05,DP
W0567,AW00118,AW,118,en,AG0626,,,,2018-11-04,WH,2020-04-05,DP
W0568,AW00119,AW,119,en,AG0626,,,,2018-11-06,WH,2020-04-05,DP
W0569,AW00120,AW,120,en,AG0642,,,,2018-11-06,WH,2020-04-05,DP
W0570,AW00121,AW,121,en,AG0644,,Original by AG0643.,,2018-11-06,WH,2020-04-05,DP
W0571,AW00122,AW,122,en,AG0645,,,,2018-11-06,WH,2020-04-05,DP
W0572,AW00123,AW,123,en,AG0646,,,,2018-11-06,WH,2020-04-05,DP
W0573,AW00124,AW,124,en,AG0647,,,,2018-11-06,WH,2020-04-05,DP
W0574,AW00125,AW,125,en,AG0648,,It was adapted from W0573.,,2018-11-06,WH,2020-04-05,DP
W0575,AW00126,AW,126,en,AG0523,,Lyrics by AG0524.,,2018-11-06,WH,2020-04-05,DP
W0576,AW00127,AW,127,en,AG0626,,,,2018-11-06,WH,2020-04-05,DP
W0577,AW00128,AW,128,en,AG0525,,Translated by project member.,,2018-11-06,WH,2020-04-05,DP
W0578,AW00129,AW,129,en,AG0626,,Translated by project member.,,2018-11-06,WH,2020-04-05,DP
W0579,AW00130,AW,130,en,AG0626,,,,2018-11-06,WH,2020-04-05,DP
W0580,AW00131,AW,131,en,AG0626,,Translated by project member.,,2018-11-06,WH,2020-04-05,DP
W0581,AW00132,AW,132,en,AG0626,,,,2018-11-06,WH,2020-04-05,DP
W0582,AW00133,AW,133,en,AG0626,,Translated by project member.,,2018-11-06,WH,2020-04-05,DP
W0583,AW00134,AW,134,de,AG0526,,,,2018-11-06,WH,2020-04-05,DP
W0584,AW00135,AW,135,en,AG0527,,,,2018-11-07,WH,2020-04-05,DP
W0585,AW00136,AW,136,en,AG0528,,,,2018-11-07,WH,2020-04-05,DP
W0586,AW00137,AW,137,en,AG0529,,,,2018-11-07,WH,2020-04-05,DP
W0587,AW00138,AW,138,it,AG0530,,It was also called “迷惘的一代”.,,2018-11-07,WH,2020-04-05,DP
W0588,AW00139,AW,139,en,AG0531,,It was also translated to “去年在马里安巴”.,,2018-11-07,WH,2020-04-05,DP
W0589,AW00140,AW,140,en,AG0532,,,,2018-11-08,WH,2020-04-05,DP
W0590,AW00141,AW,141,en,AG0533,,,,2018-11-08,WH,2020-04-05,DP
W0591,AW00142,AW,142,en,AG0534,,,,2018-11-08,WH,2020-04-05,DP
W0592,AW00143,AW,143,en,AG0532,,,,2018-11-08,WH,2020-04-05,DP
W0593,AW00144,AW,144,en,AG0535,,,,2018-11-08,WH,2020-04-05,DP
W0594,AW00145,AW,145,en,AG0626,,,,2018-11-10,WH,2020-04-05,DP
W0595,AW00146,AW,146,en,AG0538,,,,2018-11-10,WH,2020-04-05,DP
W0596,AW00147,AW,147,en,AG0539,,,,2018-11-10,WH,2020-04-05,DP
W0597,AW00148,AW,148,en,AG0626,,,,2018-11-11,WH,2020-04-05,DP
W0598,AW00149,AW,149,en,AG0540,,,,2018-11-11,WH,2020-04-05,DP
W0599,AW00150,AW,150,en,AG0543,,Original by AG0541.,,2018-11-11,WH,2020-04-05,DP
W0600,AW00151,AW,151,en,AG0542,,,,2018-11-13,WH,2020-04-05,DP
W0601,AW00152,AW,152,en,AG0626,,,,2018-11-13,WH,2020-04-05,DP
W0602,AW00153,AW,153,en,AG0626,,,,2018-11-13,WH,2020-04-05,DP
W0603,AW00154,AW,154,en,AG0626,,Translated by project member.,,2018-11-13,WH,2020-04-05,DP
W0604,AW00155,AW,155,en,AG0626,,Translated by project member.,,2018-11-13,WH,2020-04-05,DP
W0605,AW00156,AW,156,en,AG0626,,Translated by project member.,,2018-11-14,WH,2020-04-05,DP
W0606,AW00157,AW,157,en,AG0546,,Lyrics by AG0547.,,2018-11-14,WH,2020-04-05,DP
W0607,AW00158,AW,158,en,AG0548,,Translated by project member. Lyrics by AG0549.,,2018-11-15,WH,2020-04-05,DP
W0608,AW00159,AW,159,en,AG0551,,Lyrics by AG0552.,,2018-11-24,WH,2020-04-05,DP
W0609,AW00160,AW,160,en,AG0553,,,,2018-11-25,WH,2020-04-05,DP
W0610,AW00161,AW,161,en,AG0554,,,,2018-11-25,WH,2020-04-05,DP
W0611,AW00162,AW,162,en,AG0626,,Translated by project member.,,2018-11-25,WH,2020-04-05,DP
W0612,AW00163,AW,163,en,AG0555,,,,2018-11-25,WH,2020-04-05,DP
W0613,AW00164,AW,164,en,AG0556,,,,2018-11-25,WH,2020-04-05,DP
W0614,AW00165,AW,165,en,AG0557,,,,2018-11-25,WH,2020-04-05,DP
W0615,AW00166,AW,166,en,AG0556,,,,2018-11-25,WH,2020-04-05,DP
W0616,AW00167,AW,167,en,AG0558,,,,2018-11-25,WH,2020-04-05,DP
W0617,AW00168,AW,168,en,AG0559,,,,2018-11-25,WH,2020-04-05,DP
W0618,AW00169,AW,169,en,AG0560,,,,2018-11-25,WH,2020-04-05,DP
W0619,AW00170,AW,170,de,AG0561,,,,2018-11-25,WH,2020-04-05,DP
W0620,AW00202,AW,202,en,AG0466,,,,2018-11-14,MG,2020-04-05,DP
W0621,AW00203,AW,203,en,AG0470,,,,2018-11-18,MG,2020-04-05,DP
W0622,AW00204,AW,204,zh,AG0489,,,,2018-12-12,MG,2020-04-05,DP
W0623,AW00205,AW,205,zh,AG0487,,,,2018-12-12,MG,2020-04-05,DP
W0624,AW00206,AW,206,zh,AG0484,,,,2018-12-12,MG,2020-04-05,DP
W0625,AW00207,AW,207,en,AG0503,,,,2018-12-30,MG,2020-04-05,DP
W0626,AW00208,AW,208,en,AG0505,,,,2019-01-02,MG,2020-04-05,DP
W0627,AW00171,AW,171,en,AG0573,,Translated by project member.,,2018-12-23,WH,2020-04-05,DP
W0628,AW00172,AW,172,en,AG0574,,,,2018-12-23,WH,2020-04-05,DP
W0629,AW00173,AW,173,en,AG0577,,Translated by project member.,,2018-12-24,WH,2020-04-05,DP
W0630,AW00209,AW,209,en,AG0610,,,,2019-02-18,MG,2020-04-05,DP
W0631,AW00174,AW,174,en,AG0582,,,,2019-01-28,WH,2020-04-05,DP
W0632,AW00175,AW,175,en,AG0585,,Translated by project member.,,2019-02-17,WH,2020-04-05,DP
W0633,AW00176,AW,176,en,AG0060,,Translated by project member.,,2019-02-17,WH,2020-04-05,DP
W0634,AW00177,AW,177,en,AG0595,,Translated by project member.,,2019-02-23,WH,2020-04-05,DP
W0635,AW00178,AW,178,en,AG0595,,Translated by project member.,,2019-02-23,WH,2020-04-05,DP
W0636,AW00179,AW,179,en,AG0596,,,,2019-02-23,WH,2020-04-05,DP
W0637,AW00180,AW,180,en,AG0599,,,,2019-02-24,WH,2020-04-05,DP
W0638,AW00181,AW,181,en,AG0626,,Translated by project member.,,2019-02-25,WH,2020-04-05,DP
W0639,AW00094,AW,94,cs,AG0407,,,,2019-08-21,MG,2020-04-05,DP
W0640,AW00210,AW,,en,AG0626,,,,2021-06-14,MG,2021-06-14,MG
W0641,AW00182,AW,,ko,AG0672,,,,2019-08-03,MG,2022-05-06,DP
W0642,AW00183,AW,,it,AG0466,,,,2020-02-01,MG,2022-05-06,DP
W0643,AW00184,AW,,en,AG0703,,,,2020-02-11,MG,2022-05-06,DP
W0644,AW00185,AW,,en,AG0301,,,,2020-02-14,MG,2022-05-06,DP
W0645,AW00202,AW,,en,AG0466,,,,2018-11-14,MG,2022-05-06,DP
W0646,AW00211,AW,,zh,I0133,,,,2021-07-10,MG,2022-05-06,DP
W0647,AW00212,AW,,zh,I0132,,,,2021-07-10,MG,2022-05-06,DP
W0648,AW00213,AW,,zh,I0134,,,,2021-07-10,MG,2022-05-06,DP
W0649,AW00214,AW,,zh,AG0894,,,,2021-07-10,MG,2022-05-06,DP
W0650,AW00215,AW,,en,I0135,,,,2021-07-10,MG,2022-05-06,DP
W0651,AW00216,AW,,en,I0135,,,,2021-07-10,MG,2022-05-06,DP
W0652,AW00217,AW,,en,AG0928,,,,2021-07-21,MG,2022-05-06,DP
W0653,AW00218,AW,,en,AG0925,,,,2021-07-21,MG,2022-05-06,DP
W0654,AW00219,AW,,zh,AG0626,,,,2021-07-21,MG,2022-05-06,DP
W0655,PS00800,PS,,en,AG0670,,,PLS check again.,2019-09-12,MG,2022-05-06,DP
W0656,PS00801,PS,,de,AG0626,,,PLS check again. I couldn‘t find the Chinese title.,2019-09-12,MG,2022-05-06,DP
W0657,PS00802,PS,,en,AG0669,,,,2019-08-03,MG,2022-05-06,DP
W0658,PS00803,PS,,fr,AG0090,,,,2019-08-03,MG,2022-05-06,DP
W0659,PS00804,PS,,en,AG0090,,,,2019-09-12,MG,2022-05-06,DP
W0660,PS00805,PS,,en,AG0090,,,,2019-09-12,MG,2022-05-06,DP
W0661,PS00806,PS,,fr,AG0090,,,,2019-08-03,MG,2022-05-06,DP
W0662,PS00807,PS,,en,AG0301,,,,2019-08-03,MG,2022-05-06,DP
W0663,PS00808,PS,,en,AG0668,,,,2019-08-03,MG,2022-05-06,DP
W0664,PS00809,PS,,en,AG0237,,,,2019-09-12,MG,2022-05-06,DP
W0665,PS00810,PS,,fr,AG0090,,,,2019-08-03,MG,2022-05-06,DP
W0666,PS00811,PS,,fr,AG0304,,,,2019-08-03,MG,2022-05-06,DP
W0667,PS00812,PS,,en,AG0679,,translated by Lu Xun in 1935; first published in the SU 1928,,2019-10-30,MG,2022-05-06,DP
W0668,PS00813,PS,,en,AG0001,,,,2019-11-08,MG,2022-05-06,DP
W0669,PS00814,PS,,en,AG0680,,,,2019-11-08,MG,2022-05-06,DP
W0670,PS00815,PS,,en,AG0681,,first volume published in 1959; second volume published in 1960,,2019-11-08,MG,2022-05-06,DP
W0671,PS00816,PS,,en,AG0626,,,check again,2019-11-08,MG,2022-05-06,DP
W0672,PS00817,PS,,zh,AG0684,,,,2019-11-09,MG,2022-05-06,DP
W0673,PS00818,PS,,fr,AG0212,,,,2019-12-02,MG,2022-05-06,DP
W0674,PS00819,PS,,en,AG0693,,,,2019-12-02,MG,2022-05-06,DP
W0675,PS00820,PS,,zh,AG0693,,,,2019-12-12,MG,2022-05-06,DP
W0676,PS00821,PS,,de,AG0696,,,,2019-12-12,MG,2022-05-06,DP
W0677,PS00822,PS,,de,AG0696,,,,2019-12-12,MG,2022-05-06,DP
W0678,PS00823,PS,,de,AG0696,,,,2019-12-12,MG,2022-05-06,DP
W0679,PS00824,PS,,en,AG0700,,,check again,2019-12-12,MG,2022-05-06,DP
W0680,PS00825,PS,,en,AG0701,,,,2019-12-12,MG,2022-05-06,DP
W0681,PS00826,PS,,en,AG0702,,,,2019-12-17,MG,2022-05-06,DP
W0682,PS00827,PS,,en,AG0107,,,,2019-12-17,MG,2022-05-06,DP
W0683,PS00828,PS,,en,AG0157,,,,2020-01-06,MG,2022-05-06,DP
W0684,PS00829,PS,,en,AG0703,,,1952 published in Hongkong. Check later for mainland publications,2020-01-06,MG,2022-05-06,DP
W0685,PS00830,PS,,en,AG0150,,,check for chinese version,2020-01-06,MG,2022-05-06,DP
W0686,PS00831,PS,,en,I0999,,,check,2020-01-06,MG,2022-05-06,DP
W0687,PS00832,PS,,en,AG0393,,,,2020-01-08,MG,2022-05-06,DP
W0688,PS00833,PS,,en,AG0393,,,check for chinese version,2020-01-08,MG,2022-05-06,DP
W0689,PS00834,PS,,en,AG0626,,,check,2020-01-08,MG,2022-05-06,DP
W0690,PS00835,PS,,en,AG0626,,,check again,2020-01-08,MG,2022-05-06,DP
W0691,PS00836,PS,,en,AG0706,,,check again,2020-01-08,MG,2022-05-06,DP
W0692,PS00837,PS,,en,AG0626,,,check again,2020-01-08,MG,2022-05-06,DP
W0693,PS00838,PS,,en,AG0626,,,check again,2020-01-08,MG,2022-05-06,DP
W0694,PS00839,PS,,en,AG0447,,,,2020-01-15,MG,2022-05-06,DP
W0695,PS00840,PS,,en,AG0272,,,,2020-01-15,MG,2022-05-06,DP
W0696,PS00841,PS,,fr,AG0707,,,,2020-01-15,MG,2022-05-06,DP
W0697,PS00842,PS,,en,AG0158,,,,2020-01-15,MG,2022-05-06,DP
W0698,PS00843,PS,,en,AG0708,,,,2020-01-15,MG,2022-05-06,DP
W0699,PS00844,PS,,en,AG0626,,was published every 5 days; Jan. 4; 1936 - Feb. 10; 1938,,2020-02-01,MG,2022-05-06,DP
W0700,,PS,,en,AG0371,,,,2021-02-23,MG,2021-02-23,MG
W0701,,PS,,en,AG0626,,,,2021-02-23,MG,2021-02-23,MG
W0702,PS00845,PS,,en,AG0626,,reprint of a periodical originally published weekly in Hong Kong by 大众生活社,,2020-02-01,MG,2022-05-06,DP
W0703,PS00846,PS,,en,AG0626,,,check again,2020-02-01,MG,2022-05-06,DP
W0704,PS00847,PS,,en,AG0626,,,check again,2020-02-01,MG,2022-05-06,DP
W0705,PS00848,PS,,en,AG0626,,,check again,2020-02-01,MG,2022-05-06,DP
W0706,PS00849,PS,,en,AG0301,,,,2020-02-01,MG,2022-05-06,DP
W0707,PS00850,PS,,zh,AG0626,,,check again,2020-02-04,MG,2022-05-06,DP
W0708,PS00851,PS,,en,AG0626,,,check again,2020-02-04,MG,2022-05-06,DP
W0709,PS00852,PS,,en,AG0626,,,check again,2020-02-04,MG,2022-05-06,DP
W0710,PS00853,PS,,en,AG0626,,,check again,2020-02-04,MG,2022-05-06,DP
W0711,PS00854,PS,,en,AG0626,,,check again,2020-02-04,MG,2022-05-06,DP
W0712,PS00855,PS,,zh,AG0710,,,check again,2020-02-06,MG,2022-05-06,DP
W0713,PS00857,PS,,en,AG0718,,,,2020-02-14,MG,2022-05-06,DP
W0714,PS00858,PS,,en,I0999,F,,,2020-02-14,MG,2022-05-06,DP
W0715,PS00860,PS,,en,AG0492,,,,2020-05-16,MG,2022-05-06,DP
W0716,PS00861,PS,,en,AG0704,,,,2020-05-16,MG,2022-05-06,DP
W0717,PS00862,PS,,en,AG0704,,,,2020-05-19,MG,2022-05-06,DP
W0718,PS00863,PS,,en,AG0729,,,,2020-05-28,MG,2022-05-06,DP
W0719,PS00864,PS,,en,AG0158,,,,2020-06-18,MG,2022-05-06,DP
W0720,PS00865,PS,,en,AG0626,,,,2020-06-18,MG,2022-05-06,DP
W0721,PS00866,PS,,en,AG0736,,,,2020-06-18,MG,2022-05-06,DP
W0722,PS00867,PS,,en,AG0742,,,,2020-06-30,MG,2022-05-06,DP
W0723,PS00868,PS,,en,AG0626,,,Add Chinese original,2020-06-30,MG,2022-05-06,DP
W0724,PS00869,PS,,en,AG0150,,,,2020-09-28,MG,2022-05-06,DP
W0725,PS00870,PS,,en,AG0748,,,Chinese title should be added,2021-01-16,MG,2022-05-06,DP
W0726,PS00871,PS,,en,AG0401,,,,2021-01-18,MG,2022-05-06,DP
W0727,PS00872,PS,,de,AG0626,,,check the Chinese translation,2021-01-18,MG,2022-05-06,DP
W0728,PS00873,PS,,en,AG0777,,first Chinese version published in Hongkong: Dong fang chubanshe,,2021-03-12,MG,2022-05-06,DP
W0729,PS00874,PS,,en,AG0782,,,,2021-03-15,MG,2022-05-06,DP
W0730,PS00875,PS,,en,AG0626,F,,,2021-04-15,MG,2022-05-06,DP
W0731,PS00876,PS,,en,AG0626,,,,2021-05-05,MG,2022-05-06,DP
W0732,PS00877,PS,,en,AG0815,,,,2021-06-07,MG,2022-05-06,DP
W0733,PS00878,PS,,en,AG0818,,,,2021-06-09,MG,2022-05-06,DP
W0734,PS00879,PS,,en,AG0626,,,,2021-06-14,MG,2022-05-06,DP
W0735,PS00880,PS,,en,AG0827,,,,2021-06-14,MG,2022-05-06,DP
W0736,PS00881,PS,,en,AG0626,,,,2021-06-15,MG,2022-05-06,DP
W0737,PS00882,PS,,en,AG0626,,published in English from 1955 – present,,2021-06-15,MG,2022-05-06,DP
W0738,PS00883,PS,,en,AG0626,,,,2021-06-15,MG,2022-05-06,DP
W0739,PS00884,PS,,en,AG0818,,,,2021-06-21,MG,2022-05-06,DP
W0740,PS00885,PS,,en,AG0001,,,,2021-06-21,MG,2022-05-06,DP
W0741,PS00886,PS,,en,AG0791,,,,2021-06-21,MG,2022-05-06,DP
W0742,PS00887,PS,,en,AG0371,,,check later,2021-06-21,MG,2022-05-06,DP
W0743,PS00888,PS,,en,AG0842,,,,2021-06-22,MG,2022-05-06,DP
W0744,PS00889,PS,,en,AG0842,,,Chinese edition?,2021-06-22,MG,2022-05-06,DP
W0745,PS00890,PS,,en,AG0843,,,Chinese edition?,2021-06-22,MG,2022-05-06,DP
W0746,PS00891,PS,,en,AG0626,F,,,2021-06-22,MG,2022-05-06,DP
W0747,PS00892,PS,,de,AG0626,,,fictional? Check later,2021-06-22,MG,2022-05-06,DP
W0748,PS00893,PS,,en,AG0301,,,,2021-06-23,MG,2022-05-06,DP
W0749,PS00894,PS,,en,AG0868,,First published in Hong Kong by Ming Pao from 1967-1969,,2021-06-23,MG,2022-05-06,DP
W0750,PS00895,PS,,en,AG0860,,,,2021-07-02,MG,2022-05-06,DP
W0751,PS00896,PS,,en,AG0860,,,,2021-07-02,MG,2022-05-06,DP
W0752,PS00897,PS,,en,AG0827,,,,2021-07-02,MG,2022-05-06,DP
W0753,PS00898,PS,,en,AG0653,,,,2021-07-09,MG,2022-05-06,DP
W0754,PS00899,PS,,en,AG0872,,,,2021-07-09,MG,2022-05-06,DP
W0755,PS00900,PS,,en,AG0873,,,Chinese title/publ. should be added,2021-07-09,MG,2022-05-06,DP
W0756,PS00901,PS,,de,AG0626,F,,,2021-07-09,MG,2022-05-06,DP
W0757,PS00902,PS,,de,AG0626,F,,,2021-07-09,MG,2022-05-06,DP
W0758,PS00903,PS,,en,AG0626,,,,2021-07-09,MG,2022-05-06,DP
W0759,PS00904,PS,,en,AG0885,,,,2021-07-09,MG,2022-05-06,DP
W0760,PS00905,PS,,en,AG0886,,,or Alice in outer space? Check again,2021-07-09,MG,2022-05-06,DP
W0761,PS00906,PS,,en,AG0891,,,Chinese edition?,2021-07-10,MG,2022-05-06,DP
W0762,PS00907,PS,,en,AG0932,,,,2021-07-10,MG,2022-05-06,DP
W0763,PS00908,PS,,en,AG0626,,,please check,2021-07-10,MG,2022-05-06,DP
W0764,PS00909,PS,,en,AG0626,,,,2021-07-10,MG,2022-05-06,DP
W0765,PS00910,PS,,en,AG0901,,,,2021-07-11,MG,2022-05-06,DP
W0766,PS00911,PS,,en,AG0902,,,,2021-07-11,MG,2022-05-06,DP
W0767,PS00912,PS,,en,AG0903,,,,2021-07-11,MG,2022-05-06,DP
W0768,PS00913,PS,,en,AG0900,,,Or : Through the Yangzi Gorges,2021-07-11,MG,2022-05-06,DP
W0769,PS00914,PS,,en,AG0900,,,,2021-07-11,MG,2022-05-06,DP
W0770,PS00915,PS,,en,AG0900,,,,2021-07-11,MG,2022-05-06,DP
W0771,PS00916,PS,,en,AG0904,,,,2021-07-11,MG,2022-05-06,DP
W0772,PS00917,PS,,en,AG0544,,,,2021-07-11,MG,2022-05-06,DP
W0773,PS00918,PS,,en,AG0906,,,,2021-07-14,MG,2022-05-06,DP
W0774,PS00919,PS,,en,AG0626,,,please check,2021-07-14,MG,2022-05-06,DP
W0775,PS00920,PS,,de,AG0222,,,,2021-07-14,MG,2022-05-06,DP
W0776,PS00921,PS,,en,AG0162,,,,2021-07-19,MG,2022-05-06,DP
W0777,PS00922,PS,,en,AG0918,,,,2021-07-19,MG,2022-05-06,DP
W0778,PS00923,PS,,en,AG0923,,and AG0924,,2021-07-21,MG,2022-05-06,DP
W0779,PS00924,PS,,en,AG0923,,and AG0924,,2021-07-21,MG,2022-05-06,DP
W0780,PS00925,PS,,en,AG0626,,Genesis 2,,2021-07-21,MG,2022-05-06,DP
W0781,PS00926,PS,,en,I0136,,,please check again,2021-07-21,MG,2022-05-06,DP
W0782,PS00927,PS,,en,AG0929,,,,2021-07-21,MG,2022-05-06,DP
W0783,PS00928,PS,,en,AG0626,,,,2021-07-23,MG,2022-05-06,DP
W0784,PS00929,PS,,zh,AG0626,,,,2021-07-23,MG,2022-05-06,DP
W0785,PS00930,PS,,zh,AG0626,,,,2021-07-23,MG,2022-05-06,DP
W0786,PS00931,PS,,zh-Latn-pinyin,AG0626,,,,2021-07-23,MG,2022-05-06,DP
W0790,SS00262,SS,,en,P0850,,First published in the journal October 十月,,2019-03-12,LH,2022-04-06,DP
W0791,SS00263,SS,,en,AG0658,F,,,2019-07-30,MG,2022-04-06,DP
W0792,SS00264,SS,,en,AG0673,F,,,2019-10-24,MG,2022-04-06,DP
W0793,SS00265,SS,,en,AG0674,F,,,2019-10-24,MG,2022-04-06,DP
W0794,SS00266,SS,,en,AG0640,F,,,2019-11-25,MG,2022-04-06,DP
W0795,SS00267,SS,,en,AG0673,F,,,2019-11-25,MG,2022-04-06,DP
W0796,SS00600,SS,,en,AG0586,,,,2019-12-02,MG,2022-04-06,DP
W0797,SS00601,SS,,en,AG0712,,,,2020-02-14,MG,2022-04-06,DP
W0798,SS00602,SS,,en,AG0374,F,,,2020-05-16,MG,2022-04-06,DP
W0799,SS00603,SS,,en,AG0374,F,,,2020-05-16,MG,2022-04-06,DP
W0800,SS00604,SS,,en,AG0374,F,,,2020-05-26,MG,2022-04-06,DP
W0801,SS00605,SS,,en,AG0374,F,,,2020-06-18,MG,2022-04-06,DP
W0802,SS00606,SS,,de,AG0738,F,,,2020-06-29,MG,2022-04-06,DP
W0803,SS00607,SS,,de,AG0737,,,,2020-06-29,MG,2022-04-06,DP
W0804,SS00608,SS,,de,AG0746,F,,,2020-08-07,MG,2022-04-06,DP
W0805,SS00609,SS,,de,AG0747,,,,2020-08-07,MG,2022-04-06,DP
W0806,SS00610,SS,,de,AG0751,,and P1095,,2021-02-24,MG,2022-04-06,DP
W0807,SS00611,SS,,de,AG0749,F,originally published in 北京文学,,2021-02-24,MG,2022-04-06,DP
W0808,SS00612,SS,,de,AG0751,F,originally published in 人民文学,,2021-02-24,MG,2022-04-06,DP
W0809,SS00613,SS,,de,AG0752,F,originally published in 四川文学,,2021-02-24,MG,2022-04-06,DP
W0810,SS00614,SS,,de,AG0753,F,,,2021-02-24,MG,2022-04-06,DP
W0811,SS00615,SS,,en,AG0754,F,originally published in 四川文学,,2021-02-25,MG,2022-04-06,DP
W0812,SS00616,SS,,de,AG0755,F,,check page numbers,2021-02-24,MG,2022-04-06,DP
W0813,SS00617,SS,,de,AG0757,F,transl. Christa Höger,,2021-02-24,MG,2022-04-06,DP
W0814,SS00618,SS,,de,AG0756,F,transl. Bettina Proksch,,2021-02-24,MG,2022-04-06,DP
W0815,SS00619,SS,,en,AG0751,F,originally published in 科幻小说报,,2021-02-24,MG,2022-04-06,DP
W0816,SS00620,SS,,en,AG0801,,and AG0802,,2021-02-24,MG,2022-04-06,DP
W0817,SS00621,SS,,en,AG0752,F,originally published in 人民文学,,2021-02-24,MG,2022-04-06,DP
W0818,SS00622,SS,,en,AG0751,,,,2021-02-25,MG,2022-04-06,DP
W0819,SS00623,SS,,en,AG0752,F,originally published in 科学文艺,,2021-02-27,MG,2022-04-06,DP
W0820,SS00624,SS,,en,AG0758,F,originally published in 上海文学,,2021-02-27,MG,2022-04-06,DP
W0821,SS00625,SS,,en,AG0759,F,originally published in 科学文艺,,2021-02-27,MG,2022-04-06,DP
W0822,SS00626,SS,,en,AG0799,,and AG0800,,2021-02-27,MG,2022-04-06,DP
W0823,SS00627,SS,,en,AG0760,F,,,2021-02-27,MG,2022-04-06,DP
W0824,SS00628,SS,,en,AG0712,F,,,2021-02-27,MG,2022-04-06,DP
W0825,SS00629,SS,,en,AG0712,F,,,2021-02-27,MG,2022-04-06,DP
W0826,SS00630,SS,,en,AG0761,F,,,2021-02-27,MG,2022-04-06,DP
W0827,SS00631,SS,,en,AG0762,F,,,2021-02-27,MG,2022-04-06,DP
W0828,SS00632,SS,,en,AG0762,F,,,2021-02-27,MG,2022-04-06,DP
W0829,SS00633,SS,,en,AG0769,,,,2021-02-27,MG,2022-04-06,DP
W0830,SS00634,SS,,en,AG0762,F,,,2021-02-27,MG,2022-04-06,DP
W0831,SS00635,SS,,en,AG0762,F,,,2021-02-27,MG,2022-04-06,DP
W0832,SS00636,SS,,en,AG0763,F,,,2021-02-27,MG,2022-04-06,DP
W0833,SS00637,SS,,en,AG0763,F,,,2021-02-27,MG,2022-04-06,DP
W0834,SS00638,SS,,en,AG0764,F,,,2021-02-27,MG,2022-04-06,DP
W0835,SS00639,SS,,en,AG0765,F,,,2021-02-27,MG,2022-04-06,DP
W0836,SS00640,SS,,en,AG0766,F,,,2021-02-27,MG,2022-04-06,DP
W0837,SS00641,SS,,en,AG0761,F,,,2021-02-27,MG,2022-04-06,DP
W0838,SS00642,SS,,en,AG0760,F,,,2021-02-27,MG,2022-04-06,DP
W0839,SS00643,SS,,en,AG0769,,,,2021-02-27,MG,2022-04-06,DP
W0840,SS00644,SS,,en,AG0760,F,,,2021-02-27,MG,2022-04-06,DP
W0841,SS00645,SS,,en,AG0767,F,,,2021-02-27,MG,2022-04-06,DP
W0842,SS00646,SS,,en,AG0762,F,,,2021-03-03,MG,2022-04-06,DP
W0843,SS00647,SS,,en,AG0768,F,,,2021-03-03,MG,2022-04-06,DP
W0844,SS00648,SS,,en,AG0770,F,,,2021-03-03,MG,2022-04-06,DP
W0845,SS00649,SS,,en,AG0763,F,,,2021-03-03,MG,2022-04-06,DP
W0846,SS00650,SS,,en,AG0771,F,,no Chinese publication,2021-03-03,MG,2022-04-06,DP
W0847,SS00651,SS,,en,AG0762,F,,,2021-03-03,MG,2022-04-06,DP
W0848,SS00652,SS,,en,AG0772,F,,,2021-03-03,MG,2022-04-06,DP
W0849,SS00653,SS,,en,AG0751,,,,2021-03-03,MG,2022-04-06,DP
W0850,SS00654,SS,,en,AG0758,F,,,2021-03-03,MG,2022-04-06,DP
W0851,SS00655,SS,,en,AG0751,F,,,2021-03-03,MG,2022-04-06,DP
W0852,SS00656,SS,,en,AG0758,,,,2021-03-03,MG,2022-04-06,DP
W0853,SS00657,SS,,en,AG0758,F,,,2021-03-03,MG,2022-04-06,DP
W0854,SS00658,SS,,en,AG0762,F,,,2021-03-03,MG,2022-04-06,DP
W0855,SS00659,SS,,en,AG0797,,and AG0798,,2021-03-03,MG,2022-04-06,DP
W0856,SS00660,SS,,en,AG0771,F,,,2021-03-03,MG,2022-04-06,DP
W0857,SS00661,SS,,en,AG0626,,,,2021-03-03,MG,2022-04-06,DP
W0858,SS00662,SS,,en,AG0755,F,,,2021-03-04,MG,2022-04-06,DP
W0859,SS00663,SS,,en,AG0774,,,,2021-03-04,MG,2022-04-06,DP
W0860,SS00664,SS,,en,AG0755,F,,,2021-03-04,MG,2022-04-06,DP
W0861,SS00665,SS,,en,AG0775,F,,,2021-03-04,MG,2022-04-06,DP
W0862,SS00666,SS,,en,AG0751,F,,,2021-04-15,MG,2022-04-06,DP
W0863,SS00667,SS,,de,AG0754,F,originally published in 四川文学,,2021-02-25,MG,2022-04-06,DP
W1000,,SS,,zh,AG0626,,http://focus.news.163.com/10/0410/10/63TE57DT00011SM9_all.html,403,2018-01-26,OS,2021-06-07,DP
W1001,,SS,,zh,AG1000,,https://books.google.de/books?id=eSIhzKnNUf4C&pg=PA240&lpg=PA240&dq=elena+ilyina+1901-1964&source=bl&ots=C7IJD8ueqI&sig=GtUlXr5R2PLUSj1EJJEAMHEIY_A&hl=en&sa=X&ved=2ahUKEwj_yIvp1efcAhXJCuwKHS0OBh0Q6AEwCXoECAgQAQ#v=onepage&q=elena%20ilyina%201901-1964&f=false,403,2018-08-12,MG,2021-06-07,DP
