person_id,family_name,first_name,name_lang,sex,rustication,time_of_rustication_start,time_of_rustication_end,place_of_rust,birthyear,deathyear,alt_name,alt_name_lang,place_of_birth,social_position,neibu_access,source_id_1,page_number_1,source_id_2,page_number_2,note,created,created_by,last_modified,last_modified_by
P0001,Lu,Xun,en,male,NULL,NULL,NULL,NULL,1881,1936,Zhou Shuren,en,PL0045,,NULL,,,,,,2017-07-03,LH,2017-10-13,MG
P0001,鲁,迅,zh,male,NULL,NULL,NULL,NULL,1881,1936,周树人,zh,PL0045,,NULL,,,,,,2017-07-03,LH,2017-10-13,MG
P0002,Mou,Dunbai,en,male,,,,,1947,,,,,,,T00045,18 24,,,,2017-07-05,LH,2017-11-17,MG
P0002,牟,敦白,zh,male,,,,,1947,,,,,,,T00045,18 24,,,,2017-07-05,LH,2017-11-17,MG
P0003,Zhang,Langlang,en,male,no,NULL,NULL,NULL,1943,,,,PL0021,,Yes ,T00011,75f 79f,T00129,609,,2017-07-05,LH,2017-12-29,OS
P0003,张,朗朗,zh,male,no,NULL,NULL,NULL,1943,,,,PL0021,,Yes ,T00011,75f 79f,T00129,609,,2017-07-05,LH,2017-12-29,OS
P0004,Mang,Ke,en,male,,1969,1969,,1950,,,,,,,T00011,75f 79f,T00115,183ff,,2017-07-05,LH,2017-12-29,OS
P0004,芒,克,zh,male,,1969,1969,,1950,,,,,,,T00011,75f 79f,T00115,183ff,,2017-07-05,LH,2017-12-29,OS
P0005,Peng,Gang,en,female,,,,,1953,,,,,,,T00011,79,T00115,183ff,,2017-07-05,LH,2017-12-29,OS
P0005,彭,刚,zh,female,,,,,1953,,,,,,,T00011,79,T00115,183ff,,2017-07-05,LH,2017-12-29,OS
P0006,Tan,Xiaochun,en,,,,,,,,,,,,,T00115,183ff,,,,2017-07-05,LH,2017-12-17,MG
P0006,谭,小春,zh,,,,,,,,,,,,,T00115,183ff,,,,2017-07-05,LH,2017-12-17,MG
P0007,Cheng,Chuan,en,,,,,,,,,,,,,T00115,183ff,,,,2017-07-05,LH,2017-12-17,MG
P0007,呈,川,zh,,,,,,,,,,,,,T00115,183ff,,,,2017-07-05,LH,2017-12-17,MG
P0008,Lu,Zhongnan,en,male,,,,,1950,,,,,,,T00115,188,,,,2017-07-05,LH,2017-12-17,MG
P0008,卢,中南,zh,male,,,,,1950,,,,,,,T00115,188,,,,2017-07-05,LH,2017-12-17,MG
P0009,Bei,Dao,en,male,,?,?,?,1949,,Zhao Zhenkai,,,,Yes ,T00011,78 80,T00115,188,,2017-07-05,LH,2017-12-29,OS
P0009,北,岛,zh,male,,?,?,?,1949,,赵振开,,,,Yes ,T00011,78 80,T00115,188,,2017-07-05,LH,2017-12-29,OS
P0010,Duo,Duo,en,male,,,,,1951,,Li Shizheng,,,,,T00011,75-77,T00115,188,,2017-07-05,LH,2017-12-29,OS
P0010,多,多,zh,male,,,,,1951,,栗世征,,,,,T00011,75-77,T00115,188,,2017-07-05,LH,2017-12-29,OS
P0011,Xu,Haoyuan,en,female,,,,,1949,,,,,,,T00011,76f 80,T00115,190,,2017-07-05,LH,2017-12-29,OS
P0011,徐,浩渊,zh,female,,,,,1949,,,,,,,T00011,76f 80,T00115,190,,2017-07-05,LH,2017-12-29,OS
P0012,Genzi,,en,male,,,,,1951,,Yue Chong,,,,,T00011,75 80,T00114,196,,2017-07-05,LH,2017-12-29,OS
P0012,根子,,zh,male,,,,,1951,,岳重,,,,,T00011,75 80,T00114,196,,2017-07-05,LH,2017-12-29,OS
P0013,Ma,Desheng,en,male ,,,,,1952,,,,,,,T00115,191,,,,2017-07-05,LH,2017-12-17,MG
P0013,马,德升,zh,male,,,,,1952,,,,,,,T00115,191,,,,2017-07-05,LH,2017-12-17,MG
P0014,Zhao,Yifan,en,male,no,NULL,NULL,NULL,1935,1988,,,,,,T00115,194,,,,2017-07-05,LH,2017-12-17,MG
P0014,赵,一凡,zh,male,no,NULL,NULL,NULL,1935,1988,,,,,,T00115,194,,,,2017-07-05,LH,2017-12-17,MG
P0015,Yi,Qun,en,male,,,,,1947,,,,,,,T00114,197,,,,2017-07-05,LH,2017-12-13,MG
P0015,依,群,zh,male,,,,,1947,,,,,,,T00114,197,,,,2017-07-05,LH,2017-12-13,MG
P0016,Zhou,Duo,en,male,,,,,1947,,,,,,,T00127,211,worldcat.org,ONLINE SOURCE,,2017-07-05,LH,2017-12-29,OS
P0016,周,舵,zh,male,,,,,1947,,,,,,,T00127,211,worldcat.org,ONLINE SOURCE,,2017-07-05,LH,2017-12-29,OS
P0017,Ma,Jia,en,male,,,,,1953,,,,,,,T00009,219ff,,,,2017-07-05,LH,2017-11-17,MG
P0017,马,佳,zh,male,,,,,1953,,,,,,,T00009,219ff,,,,2017-07-05,LH,2017-11-17,MG
P0018,Yan,Li,en,male,,,,,1954,,,,,,,T00009,220,,,,2017-07-05,LH,2017-11-17,MG
P0018,严,力,zh,male,,,,,1954,,,,,,,T00009,220,,,,2017-07-05,LH,2017-11-17,MG
P0019,Guo,Lusheng,en,male,,,,,1948,,Shi Zhi ,,,,,T00009,229,T00011,74-75,,2017-07-05,LH,2017-12-29,OS
P0019,郭,路生,zh,male,,,,,1948,,食指,,,,,T00009,229,T00011,74-75,,2017-07-05,LH,2017-12-29,OS
P0020,Gao,Hua,en,male,,,,,1954,2011,,,,,Indirect,T00006,132-139,,,,2017-07-05,LH,2017-12-13,MG
P0020,高,华,zh,male,,,,,1954,2011,,,,,Indirect,T00006,132-139,,,,2017-07-05,LH,2017-12-13,MG
P0021,Guo,Shiying,en,male,,,,,1942,1968,,,,,Maybe Yes,T00011,75f 80,,,,2017-07-05,LH,2017-11-17,MG
P0021,郭,世英,zh,male,,,,,1942,1968,,,,,Maybe Yes,T00011,75f 80,,,,2017-07-05,LH,2017-11-17,MG
P0022,Zhang,Heci,en,male,,,,,1943,,,,,,Maybe Yes,T00011,75f 80,,,,2017-07-05,LH,2017-11-17,MG
P0022,张,鹤慈,zh,male,,,,,1943,,,,,,Maybe Yes,T00011,75f 80,,,,2017-07-05,LH,2017-11-17,MG
P0023,Yang,Sanbai,en,,,,,,,,,,,,,T00011,75,,,,2017-07-05,LH,2017-11-17,MG
P0023,杨,三白,zh,,,,,,,,,,,,,T00011,75,,,,2017-07-05,LH,2017-11-17,MG
P0024,Song,Haiquan,en,male,,,,,1936,,,,,,,T00011,75 79f,,,,2017-07-05,LH,2017-11-17,MG
P0024,宋,海泉,zh,male,,,,,1936,,,,,,,T00011,75 79f,,,,2017-07-05,LH,2017-11-17,MG
P0025,Gan,Tiesheng,en,male,,,,,1946,,,,,,,T00011,75-76  80,,,,2017-07-05,LH,2017-11-17,MG
P0025,甘,铁生,zh,male,,,,,1946,,,,,,,T00011,75-76  80,,,,2017-07-05,LH,2017-11-17,MG
P0026,Lu,Shuangqin,en,,,,,?,,,,,,,Yes,T00011,76f,,,,2017-07-05,LH,2017-11-17,MG
P0026,鲁,双芹,zh,,,,,?,,,,,,,Yes,T00011,76f,,,,2017-07-05,LH,2017-11-17,MG
P0027,Zhang,Xinhua,en,,,,,,,,,,,,,T00011,76 80,,,,2017-07-05,LH,2017-11-17,MG
P0027,张,新华,zh,,,,,,,,,,,,,T00011,76 80,,,,2017-07-05,LH,2017-11-17,MG
P0028,Zhang,Jiuxing,en,,,,,,to1972or1973,,,,,,,T00011,76,,,,2017-07-05,LH,2017-11-17,MG
P0028,张,久兴,zh,,,,,,to1972or1973,,,,,,,T00011,76,,,,2017-07-05,LH,2017-11-17,MG
P0029,Wu,Hong,en,male,yes,1969 (?),1973 (?),PL0005,Zhangjiakoushi City,Hebei Province,,,,,Yes ,T00011,78 80,T00029,116-125,,2017-07-05,LH,2017-12-29,OS
P0029,巫,鸿,zh,male,yes,1969 (?),1973 (?),PL0005,Zhangjiakoushi City,Hebei Province,,,,,Yes ,T00011,78 80,T00029,116-125,,2017-07-05,LH,2017-12-29,OS
P0030,Dong,Shabei,en,male,,,,,,,,,,,Yes,T00011,78,T00112,51,MIRA: alle T00112 nochmal überprüfen,2017-07-05,LH,2017-12-29,OS
P0030,董,沙贝,zh,male,,,,,,,,,,,Yes,T00011,78,T00112,51,MIRA: alle T00112 nochmal überprüfen,2017-07-05,LH,2017-12-29,OS
P0031,Huang ,Guangzu ,en,male,,NULL,NULL,PL0006,1946,,,,,,no,T00109,ONLINE SOURCE,,,,2017-07-05,LH,2017-12-13,MG
P0031,黄,光祖,zh,male,,NULL,NULL,PL0006,1946,,,,,,no,T00109,ONLINE SOURCE,,,,2017-07-05,LH,2017-12-13,MG
P0032,Zhu ,Shixian ,en,male,,NULL,NULL,PL0006,1944,1972,,,,,,T00109,ONLINE SOURCE,,,,2017-07-05,LH,2017-12-13,MG
P0032,朱,时贤,zh,male,,NULL,NULL,PL0006,1944,1972,,,,,,T00109,ONLINE SOURCE,,,,2017-07-05,LH,2017-12-13,MG
P0033,Zhou ,Ziren ,en,male,,,,PL0007,,,,,,,,T00116,ONLINE SOURCE,,,,2017-07-05,LH,2017-10-14,CW
P0033,周,孜仁,zh,male,,,,PL0007,,,,,,,,T00116,ONLINE SOURCE,,,,2017-07-05,LH,2017-11-19,CW
P0034,Zhou,Jiren,en,male,no,,,PL0006,,,Zhou Zhaoming,,,,,T00116,ONLINE SOURCE,,,,2017-07-05,LH,2017-11-19,CW
P0034,周,继仁,zh,male,no,,,PL0006,,,周照明 ,,,,,T00116,ONLINE SOURCE,,,,2017-07-05,LH,2017-10-14,CW
P0035,Zhang ,Kunquan ,en,female,no,,,,1926,,Shamo,,PL0100,,,T00117,ONLINE SOURCE,,,,2017-07-05,LH,2017-12-13,MG
P0035,张,坤权 ,zh,female,no,,,,1926,,沙漠 ,,PL0100,,,T00117,ONLINE SOURCE,,,,2017-07-05,LH,2017-12-13,MG
P0036,Huang,Zhongjing,en,male,,,,,,,,,,,,T00118,ONLINE SOURCE,,,,2017-07-05,LH,2017-12-13,MG
P0036,黄,中敬 ,zh,male,,,,,,,,,,,,T00118,ONLINE SOURCE,,,,2017-07-05,LH,2017-12-13,MG
P0037,Huang,Xiaozhen,en,male,,1964,1964,PL0009,1947,1995,,,,,,T00118,ONLINE SOURCE,,,,2017-07-05,LH,2017-12-13,MG
P0037,黄,小振,zh,male,,1964,1964,PL0009,1947,1995,,,,,,T00118,ONLINE SOURCE,,,,2017-07-05,LH,2017-12-13,MG
P0038,Wang ,Xiulian ,en,male,,,,,,,,,,,,T00026,ONLINE SOURCE,,,,2017-07-05,LH,2017-12-13,MG
P0038,王,秀濂,zh,male,,,,,,,,,,,,T00026,ONLINE SOURCE,,,,2017-07-05,LH,2017-12-13,MG
P0039,Dong,Fu ,en,male,yes,1969,1970,PL0055,,1951,Wang Dongyu,,PL0004,,,,Dong Fu 2010,,,,2017-07-05,LH,2017-10-14,CW
P0039,东,夫,zh,male,yes,1969,1970,PL0055,,1951,王东渝,,PL0004,,,,Dong Fu 2010,,,,2017-07-05,LH,2017-10-14,CW
P0040,Jin,Zhong,en,male,,NULL,NULL,PL0011,1926,2008,Zhang Shijing,,,,,T00119,ONLINE SOURCE,,,,2017-07-05,LH,2017-12-13,MG
P0040,金,中,zh,male,,NULL,NULL,PL0011,1926,2008,章世箐 ,,,,,T00119,ONLINE SOURCE,,,,2017-07-05,LH,2017-12-13,MG
P0041,Zhao,Xiaoling,en,female,no,,,PL0012,,,,,,,,T00119,ONLINE SOURCE,,,,2017-07-05,LH,2017-12-13,MG
P0041,赵,晓铃,zh,female,no,,,PL0012,,,,,,,,T00119,ONLINE SOURCE,,,,2017-07-05,LH,2017-12-13,MG
P0042,Cao,Ying,en,male,,,,,1923,2015,Sheng Junfeng,,,,,T00119,ONLINE SOURCE,,,,2017-07-05,LH,2017-12-13,MG
P0042,草,婴,zh,male,,,,,1923,2015,盛峻峰,,,,,T00119,ONLINE SOURCE,,,,2017-07-05,LH,2017-12-13,MG
P0043,Huang,Aihe,en,male,,,,,,,,,,,,,Huang Aihe 2008,,,,2017-07-05,LH,2017-10-14,CW
P0043,黄,艾禾,zh,male,,,,,,,,,,,,,Huang Aihe 2008,,,,2017-07-05,LH,2017-10-14,CW
P0044,Huang,Xiaolong,en,male,,,,PL0006,1943,,,,,,,T00026,ONLINE SOURCE,,,,2017-07-05,LH,2017-12-13,MG
P0044,黄,晓龙,zh,male,,,,PL0006,1943,,,,,,,T00026,ONLINE SOURCE,,,,2017-07-05,LH,2017-12-13,MG
P0045,Fu,Weici,en,female,,,,,1923,2014,,,,,,T00061,ONLINE SOURCE,,,,2017-07-05,LH,2017-12-13,MG
P0045,傅,惟慈,zh,female,,,,,1923,2014,,,,,,T00061,ONLINE SOURCE,,,,2017-07-05,LH,2017-12-13,MG
P0046,Xie,Shengxian,en,male,,,,PL0006,1945,,,,,,,T00120,ONLINE SOURCE,,,,2017-07-05,LH,2017-12-13,MG
P0046,谢,声显,zh,male,,,,PL0006,1945,,,,,,,T00120,ONLINE SOURCE,,,,2017-07-05,LH,2017-12-13,MG
P0047,Han,Pingzao,en,male,,,,PL0012,,,,,,,,,Huang Aihe 2008,,,,2017-07-05,LH,2017-10-14,CW
P0047,韩,平藻,zh,male,,,,PL0012,,,,,,,,,Huang Aihe 2008,,,,2017-07-05,LH,2017-10-14,CW
P0048,Hui,Xianjun,en,male,,,,,1932,,,,,,,,Tang Shaojie 2010,,,,2017-07-05,LH,2017-10-14,CW
P0048,惠,宪钧,zh,male,,,,,1932,,,,,,,,Tang Shaojie 2010,,,,2017-07-05,LH,2017-10-14,CW
P0049,Piao,Mu,en,male,,1971,1971,PL0013,,,,,,,,,Piao Mu 2010,,,,2017-07-05,LH,2017-10-14,CW
P0049,漂,木,zh,male,,1971,1971,PL0013,,,,,,,,,Piao Mu 2010,,,,2017-07-05,LH,2017-10-14,CW
P0050,Wu,Yunhong,en,male,,,,,1940,,,,,,,,Wu Yunhong 2010,,,,2017-07-05,LH,2017-10-14,CW
P0050,吴,允弘,zh,male,,,,,1940,,,,,,,,Wu Yunhong 2010,,,,2017-07-05,LH,2017-10-14,CW
P0051,Wu,Tianshi,en,male,NULL,,,,1911,1966,,,,,,,Wu Yunhong 2010,,,,2017-07-05,LH,2017-10-14,CW
P0051,吴,天石,zh,male,NULL,,,,1911,1966,,,,,,,Wu Yunhong 2010,,,,2017-07-05,LH,2017-10-14,CW
P0052,Liu,Haiou,en,female,no,,,PL0014,1958,,,,,,,,Liu Haiou 2010,,,,2017-07-05,LH,2017-10-14,CW
P0052,刘,海鸥,zh,female,no,,,PL0014,1958,,,,,,,,Liu Haiou 2010,,,,2017-07-05,LH,2017-10-14,CW
P0053,Huang,Yongsheng,en,male,,,,PL0015,1910,1983,Huang Xuqian,,,,,,Chi Zehou 2010,,,,2017-07-05,LH,2017-10-14,CW
P0053,黄,永胜,zh,male,,,,PL0015,1910,1983,黄叙钱,,,,,,Chi Zehou 2010,,,,2017-07-05,LH,2017-10-14,CW
P0054,Xi,Liufang,en,male,,,,,1947,,,,,,,,zugong tongxun 1980,,,,2017-07-05,LH,2017-10-14,CW
P0054,奚,柳芳,zh,male,,,,,1947,,,,,,,,zugong tongxun 1980,,,,2017-07-05,LH,2017-10-14,CW
P0055,Hou,Wailu,en,male,,,,,1903,1987,,,,,,,He Zhaowu 2011,,,,2017-07-05,LH,2017-10-14,CW
P0055,侯,外庐,zh,male,,,,,1903,1987,,,,,,,He Zhaowu 2011,,,,2017-07-05,LH,2017-10-14,CW
P0056,Gu,Jiegang,en,male,,,,,1893,1980,,,,,,,He Zhaowu 2011,,,,2017-07-05,LH,2017-10-14,CW
P0056,顾,颉刚,zh,male,,,,,1893,1980,,,,,,,He Zhaowu 2011,,,,2017-07-05,LH,2017-10-14,CW
P0057,Xie,Guozhen,en,male,,,,,1901,1982,,,,,,,He Zhaowu 2011,,,,2017-07-05,LH,2017-10-14,CW
P0057,谢,国桢,zh,male,,,,,1901,1982,,,,,,,He Zhaowu 2011,,,,2017-07-05,LH,2017-10-14,CW
P0058,Qi,Zhi,en,male,,,,PL0002,,,,,,,,,Qi Zhi 2011,,,,2017-07-05,LH,2017-10-14,CW
P0058,启,之,zh,male,,,,PL0002,,,,,,,,,Qi Zhi 2011,,,,2017-07-05,LH,2017-10-14,CW
P0059,Bai,Hua,en,male,,,,,,,,,,,,T00117,ONLINE SOURCE,,,,2017-07-05,LH,2017-12-13,MG
P0059,白,桦,zh,male,,,,,,,,,,,,T00117,ONLINE SOURCE,,,,2017-07-05,LH,2017-12-13,MG
P0060,Li,Ping,en,male,,,,PL0006,1948,,Liu Huixuan,,,,,,Li Qian 2010,,,,2017-07-05,LH,2017-10-14,CW
P0060,礼,平,zh,male,,,,PL0006,1948,,刘辉宣,,,,,,Li Qian 2010,,,,2017-07-05,LH,2017-10-14,CW
P0061,Yang,Xiguang,en,male,,,,,1948,2004,Yang Xiaokai,,,,,,,,,,2017-07-05,LH,2017-10-14,CW
P0061,杨,曦光,zh,male,,,,,1948,2004,杨小凯,,,,,,,,,,2017-07-05,LH,2017-10-14,CW
P0062,Siao,Eva,en,female,,,,,1911,2001,,,,,,T00113,,,,,2017-07-05,LH,2017-12-13,MG
P0062,叶,华,zh,female,,,,,1911,2001,,,,,,T00113,,,,,2017-07-05,LH,2017-12-13,MG
P0063,Nanchu , ,en,female,,1970,1973,PL0008,1953,,,,,,yes,T00003,196f,,,,2017-07-05,LH,2017-12-14,MG
P0063,Nanchu , ,zh,female,,1970,1973,PL0008,1953,,,,,,yes,T00003,196f,,,,2017-07-05,LH,2017-12-14,MG
P0064,Gao,Yuan,en,male,,,,,1952,,,,Shuiyuan,,,T00128,5ff. ,,,Could not exactly locate Shuiyuan. Somewhere close to the Taihang mountains.,2017-07-05,LH,2017-12-29,OS
P0064,高 ,原,zh,male,,,,,1952,,,,Shuiyuan,,,T00128,5ff. ,,,Could not exactly locate Shuiyuan. Somewhere close to the Taihang mountains.,2017-07-05,LH,2017-12-29,OS
P0065,Zhang,Zhenzhou,en,,,,,,,,,,,,,T00112,51,,,,2017-07-05,LH,2017-12-13,MG
P0065,张,振州,zh,,,,,,,,,,,,,T00112,51,,,,2017-07-05,LH,2017-12-13,MG
P0066,Gan,Lulin,en,,,,,,-1972or 1973,,,,,,,T00112,51,,,,2017-07-05,LH,2017-12-13,MG
P0066,甘,露林,zh,,,,,,-1972or 1973,,,,,,,T00112,51,,,,2017-07-05,LH,2017-12-13,MG
P0067,Yu,Zhixin,en,male,,,,PL0002,,,Yu Tiesheng,,,,,T00112,51,,,,2017-07-05,LH,2017-12-13,MG
P0067,于,植信,zh,male,,,,PL0002,,,于铁生 ,,,,,T00112,51,,,,2017-07-05,LH,2017-12-13,MG
P0068,Zhang,Runfeng,en,,,,,,,,,,,,,T00112,51,,,,2017-07-05,LH,2017-12-13,MG
P0068,张,润峰,zh,,,,,,,,,,,,,T00112,51,,,,2017-07-05,LH,2017-12-13,MG
P0069,Yang,Xiamin,en,,,,,,,,,,,,,T00112,51,,,,2017-07-05,LH,2017-12-13,MG
P0069,杨,孝敏,zh,,,,,,,,,,,,,T00112,51,,,,2017-07-05,LH,2017-12-13,MG
P0070,Jiang,Dingyue,en,,,,,,,,,,,,,T00112,51,,,,2017-07-05,LH,2017-12-13,MG
P0070,蒋,定粤,zh,,,,,,,,,,,,,T00112,51,,,,2017-07-05,LH,2017-12-13,MG
P0071,Gan,Huili,en,,,,,,,,,,,,,T00112,51,,,,2017-07-05,LH,2017-12-13,MG
P0071,甘,恢理,zh,,,,,,,,,,,,,T00112,51,,,,2017-07-05,LH,2017-12-13,MG
P0072,Zhang,Dawei,en,,,,,,,,,,,,,T00112,52,,,,2017-07-05,LH,2017-12-17,MG
P0072,张,大伟,zh,,,,,,,,,,,,,T00112,52,,,,2017-07-05,LH,2017-12-17,MG
P0073,Rae,Yang,en,female,,1968,1973,PL0008,1950,,,,,,,T00112,51,,,,2017-07-05,LH,2017-12-13,MG
P0073,杨,瑞,zh,female,,1968,1973,PL0008,1950,,,,,,,T00112,51,,,,2017-07-05,LH,2017-12-13,MG
P0074,Bai,Di,en,female,,,,,1954,,,,,,,T00123,92,,,,2017-07-05,LH,2017-12-17,MG
P0074,柏,棣,zh,female,,,,,1954,,,,,,,T00123,92,,,,2017-07-05,LH,2017-12-17,MG
P0075,Chen,Xiaomei,en,female,,1969,1973,Beidahuang,1954,,,,,,,T00123,,,,,2017-07-05,LH,2017-12-17,MG
P0076,Aitmatov,Chinghiz,en,male,NULL,NULL,NULL,NULL,1928,2009,,,PL0024,,,,,,,,2017-07-09,OS,2017-10-13,MG
P0076,艾特玛托夫 ,钦吉斯,zh,male,NULL,NULL,NULL,NULL,1928,2009,,,PL0024,,,,,,,,2017-07-09,OS,2017-10-13,MG
P0076,Чыңгыз ,Айтматов,ky,male,NULL,NULL,NULL,NULL,1928,2009,,,PL0024,,,,,,,,2017-07-09,OS,2017-10-13,MG
P0077,Akhmatova,Anna ,en,female,NULL,NULL,NULL,NULL,1889,1966,,,PL0025,,,,,,,,2017-07-09,OS,2017-10-13,MG
P0077,阿赫玛托娃 ,安娜,zh,female,NULL,NULL,NULL,NULL,1889,1966,,,PL0025,,,,,,,,2017-07-09,OS,2017-10-13,MG
P0077,Ахматова ,Анна,ru,female,NULL,NULL,NULL,NULL,1889,1966,,,PL0025,,,,,,,,2017-07-09,OS,2017-10-13,MG
P0078,Aksyonov ,Vasily ,en,male,NULL,NULL,NULL,NULL,1932,2009,,,PL0026,,,,,,,,2017-07-09,OS,2017-10-13,MG
P0078,阿克肖诺夫,瓦西里,zh,male,NULL,NULL,NULL,NULL,1932,2009,,,PL0026,,,,,,,,2017-07-09,OS,2017-10-13,MG
P0078,Аксёнов,Васи́лий ,ru,male,NULL,NULL,NULL,NULL,1932,2009,,,PL0026,,,,,,,,2017-07-09,OS,2017-10-13,MG
P0079,Alliluyeva,Svetlana,en,female,NULL,NULL,NULL,NULL,1926,2011,,,PL0027,,,,,,,,2017-07-09,OS,2017-10-13,MG
P0079,阿利卢耶娃,斯韦特兰娜,zh,female,NULL,NULL,NULL,NULL,1926,2011,,,PL0027,,,,,,,,2017-07-09,OS,2017-10-13,MG
P0079,Аллилу́ева,Светла́на ,ru,female,NULL,NULL,NULL,NULL,1926,2011,,,PL0027,,,,,,,,2017-07-09,OS,2017-10-13,MG
P0080,Althusser,Louis,en,male,NULL,NULL,NULL,NULL,1918,1990,,,PL0028,,,,,,,,2017-07-09,OS,2017-10-13,MG
P0081,Anagnosti,Dhimitër,en,male,NULL,NULL,NULL,NULL,1936,,,,PL0029,,,,,,,,2017-07-09,OS,2017-10-13,MG
P0082,Andreyev,Leonid,en,male,NULL,NULL,NULL,NULL,1871,1919,,,PL0030,,,,,,,,2017-07-09,OS,2017-10-13,MG
P0082,安德列耶夫,列昂尼德,zh,male,NULL,NULL,NULL,NULL,1871,1919,,,PL0030,,,,,,,,2017-07-09,OS,2017-10-13,MG
P0082,Андре́ев,Леони́д ,ru,male,NULL,NULL,NULL,NULL,1871,1919,,,PL0030,,,,,,,,2017-07-09,OS,2017-10-13,MG
P0083,Anonymous,,en,,NULL,NULL,NULL,NULL,,,,,,,,,,,,,2017-07-09,OS,2017-07-12,OS
P0084,Aristotle,,en,male,NULL,NULL,NULL,NULL,384,322,,,PL0031,,,,,,,,2017-07-09,OS,2017-10-13,MG
P0084,Ἀριστοτέλης,,grc,male,NULL,NULL,NULL,NULL,384,322,,,PL0031,,,,,,,,2017-07-09,OS,2017-11-06,OS
P0085,Artsybashev,Mikhail,en,male,NULL,NULL,NULL,NULL,1878,1927,,,PL0032,,,,,,,,2017-07-09,OS,2017-07-12,OS
P0085,阿尔志跋绥夫,米哈伊尔,zh,male,NULL,NULL,NULL,NULL,1878,1927,,,PL0032,,,,,,,,2017-07-09,OS,2017-07-12,OS
P0085,Арцыба́шев,Михаи́л ,ru,male,NULL,NULL,NULL,NULL,1878,1927,,,PL0032,,,,,,,,2017-07-09,OS,2017-07-12,OS
P0086,Ba ,Jin,en,male,NULL,NULL,NULL,NULL,1904,2005,Li Yaotang,en,PL0004,,,,,,,,2017-07-10,OS,2017-10-13,MG
P0086,巴,金,zh,male,NULL,NULL,NULL,NULL,1904,2005,李尧棠,zh,PL0004,,,,,,,,2017-07-10,OS,2017-10-13,MG
P0087,Baba,Corneliu,en,male,NULL,NULL,NULL,NULL,1906,1997,Baba ,en,PL0033,,,,,,,,2017-07-10,OS,2017-10-13,MG
P0087,科内里,巴巴,zh,male,NULL,NULL,NULL,NULL,1906,1997,巴巴柯尔尼留,zh,PL0033,,,,,,,,2017-07-10,OS,2017-10-13,MG
P0088,Babayevsky,Semyon ,en,male,NULL,NULL,NULL,NULL,1909,2000,,,PL0034,,,,,,,,2017-07-10,OS,2017-10-13,MG
P0088,巴巴耶夫斯基,谢苗,zh,male,NULL,NULL,NULL,NULL,1909,2000,,,PL0034,,,,,,,,2017-07-10,OS,2017-10-13,MG
P0088,Бабаевский,Семён,ru,male,NULL,NULL,NULL,NULL,1909,2000,,,PL0034,,,,,,,,2017-07-10,OS,2017-10-13,MG
P0089,Bach,Johann Sebastian,en,male,NULL,NULL,NULL,NULL,1685,1750,,,PL0035,,,,,,,,2017-07-10,OS,2017-10-13,MG
P0089,巴赫,约翰·塞巴斯蒂安,zh,male,NULL,NULL,NULL,NULL,1685,1750,,,PL0035,,,,,,,,2017-07-10,OS,2017-10-13,MG
P0090,Bai,Juyi,en,male,NULL,NULL,NULL,NULL,772,846,,,PL0046,,,,,,,,2017-07-10,OS,2017-11-06,OS
P0090,白,居易,zh,male,NULL,NULL,NULL,NULL,772,846,,,PL0046,,,,,,,,2017-07-10,OS,2017-11-06,OS
P0091,Balmont,Konstantin,en,male,NULL,NULL,NULL,NULL,1876,1942,,,PL0039,,,,,,,,2017-07-10,OS,2017-10-13,MG
P0091,巴尔蒙特,康斯坦丁,zh,male,NULL,NULL,NULL,NULL,1876,1942,,,PL0039,,,,,,,,2017-07-10,OS,2017-10-13,MG
P0091,Бальмо́нт,Константи́н,ru,male,NULL,NULL,NULL,NULL,1876,1942,,,PL0039,,,,,,,,2017-07-10,OS,2017-10-13,MG
P0092,Balzac,Honoré de,en,male,NULL,NULL,NULL,NULL,1799,1850,,,PL0040,,,,,,,,2017-07-10,OS,2017-10-13,MG
P0092,巴尔扎克,奥诺雷·德,zh,male,NULL,NULL,NULL,NULL,1799,1850,,,PL0040,,,,,,,,2017-07-10,OS,2017-10-13,MG
P0093,Baudelaire,Charles,en,male,NULL,NULL,NULL,NULL,1821,1867,,,PL0047,,,,,,,,2017-07-10,OS,2017-10-13,MG
P0093,波德莱尔,夏尔,zh,male,NULL,NULL,NULL,NULL,1821,1867,,,PL0047,,,,,,,,2017-07-10,OS,2017-10-13,MG
P0094,Beckett,Samuel,en,male,NULL,NULL,NULL,NULL,1906,1989,,,PL0041,,,,,,,,2017-07-10,OS,2017-10-13,MG
P0094,贝克特,萨缪尔,zh,male,NULL,NULL,NULL,NULL,1906,1989,,,PL0041,,,,,,,,2017-07-10,OS,2017-10-13,MG
P0095,Beethoven,Ludwig van,en,male,NULL,NULL,NULL,NULL,1770,1827,,,PL0042,,,,,,,,2017-07-10,OS,2017-10-13,MG
P0095,貝多芬,路德維希·范,zh,male,NULL,NULL,NULL,NULL,1770,1827,,,PL0042,,,,,,,,2017-07-10,OS,2017-10-13,MG
P0096,Belinsky,Vissarion,en,male,NULL,NULL,NULL,NULL,1811,1848,,,PL0043,,,,,,,,2017-07-10,OS,2017-10-13,MG
P0096,别林斯基,维萨里昂,zh,male,NULL,NULL,NULL,NULL,1811,1848,,,PL0043,,,,,,,,2017-07-10,OS,2017-10-13,MG
P0096,Белинский,Виссарион ,ru,male,NULL,NULL,NULL,NULL,1811,1848,,,PL0043,,,,,,,,2017-07-10,OS,2017-10-13,MG
P0097,Berlioz,Hector,en,male,NULL,NULL,NULL,NULL,1803,1869,,,PL0044,,,,,,,,2017-07-10,OS,2017-10-13,MG
P0097,柏辽兹,埃克托,zh,male,NULL,NULL,NULL,NULL,1803,1869,,,PL0044,,,,,,,,2017-07-10,OS,2017-10-13,MG
P0098,Bernstein,Eduard,en,male,NULL,NULL,NULL,NULL,1850,1932,,,PL0038,,,,,,,,2017-07-10,OS,2017-10-13,MG
P0098,伯恩施坦,爱德华,zh,male,NULL,NULL,NULL,NULL,1850,1932,,,PL0038,,,,,,,,2017-07-10,OS,2017-10-13,MG
P0099,Bi ,Ruxie,en,male,,,,,,,,,,,,,,,,,2017-07-10,OS,2017-11-06,OS
P0099,毕,汝协,zh,male,,,,,,,毕汝谐,zh,,,,,,,,,2017-07-10,OS,2017-11-06,OS
P0100,Bian,Zhilin,en,male,NULL,NULL,NULL,NULL,1910,2000,,,PL0037,,,,,,,,2017-07-10,OS,2017-10-13,MG
P0100,卞,之琳,zh,male,NULL,NULL,NULL,NULL,1910,2000,,,PL0037,,,,,,,,2017-07-10,OS,2017-10-13,MG
P0101,Blake ,William ,en,male,NULL,NULL,NULL,NULL,1757,1827,,,PL0036,,,,,,,,2017-07-10,OS,2017-10-13,MG
P0101,布雷克,威廉,zh,male,NULL,NULL,NULL,NULL,1757,1827,,,PL0036,,,,,,,,2017-07-10,OS,2017-10-13,MG
P0102,Bo,Hua,en,male,,,,,1956,,,,,,,,,,,,2017-07-10,OS,2017-10-13,MG
P0102,柏,桦,zh,male,,,,,1956,,,,,,,,,,,,2017-07-10,OS,2017-10-13,MG
P0103,Boccaccio,Giovanni ,en,male,NULL,NULL,NULL,NULL,1313,1375,,,,,,,,,,,2017-07-10,OS,2017-10-13,MG
P0103,薄伽丘,乔万尼,zh,male,NULL,NULL,NULL,NULL,1313,1375,,,,,,,,,,,2017-07-10,OS,2017-10-13,MG
P0104,Brahms,Johannes,en,male,NULL,NULL,NULL,NULL,1833,1897,,,PL0048,,,,,,,,2017-07-10,OS,2017-10-13,MG
P0104,勃拉姆斯,约翰内斯,zh,male,NULL,NULL,NULL,NULL,1833,1897,,,PL0048,,,,,,,,2017-07-10,OS,2017-10-13,MG
P0105,Braine,John,en,male,NULL,NULL,NULL,NULL,1922,1986,,,PL0049,,,,,,,,2017-07-10,OS,2017-10-13,MG
P0105,勃莱恩,约翰 ,zh,male,NULL,NULL,NULL,NULL,1922,1986,,,PL0049,,,,,,,,2017-07-10,OS,2017-10-13,MG
P0106,Han,Shaogong,en,male,yes,1968,1974,PL0052,1953,,,,PL0051,,,,,,,,2017-07-12,OS,2017-11-06,OS
P0106,韩,少功,zh,male,yes,1968,1974,PL0052,1953,,,,PL0051,,,,,,,,2017-07-12,OS,2017-11-06,OS
P0107,Wang ,Shiqiang,en,male,,,,,,,,,,,,,,,,,2017-07-12,OS,2017-11-06,OS
P0107,王,士强,zh,male,,,,,,,,,,,,,,,,,2017-07-12,OS,2017-11-06,OS
P0108,Xu ,Xiao,en,male,yes,,,,,,,,,,,,,,,,2017-07-12,OS,2017-07-12,OS
P0108,徐,晓 ,zh,male,yes,,,,1954,,,,PL0003,,,,,,,,2017-07-12,OS,2017-07-12,OS
P0109,Shu ,Ting,en,female,yes,1969,1972,?,1952,,Gong Peiyu,en,PL0056,?,?,,,,,,2017-07-18,LH,2017-10-13,MG
P0109,舒,婷,zh,female,yes,1969,1972,?,1952,,龚佩瑜 ,zh,PL0056,?,?,,,,,,2017-07-18,LH,2017-10-13,MG
P0110,Gorky,Maxim,en,male,NULL,NULL,NULL,NULL,1868,1936,,,PL0057,,,,,,,,2017-07-19,LH,2017-10-13,MG
P0110,Горький ,Максим,ru,male,NULL,NULL,NULL,NULL,1868,1936,,,PL0057,,,,,,,,2017-07-19,LH,2017-10-13,MG
P0110,高尔基,马克西姆,zh,male,NULL,NULL,NULL,NULL,1868,1936,,,PL0057,,,,,,,,2017-07-19,LH,2017-10-13,MG
P0115,Brodsky,Joseph,en,male,,,,,1940,1996,,,,,,,,,,,2017-07-19,OS,2017-11-08,MG
P0115,Бродский,Иосиф ,zh,male,,,,,1940,1996,,,,,,,,,,,2017-07-19,OS,2017-11-08,MG
P0115,布罗茨基,约瑟夫,ru,male,,,,,1940,1996,,,,,,,,,,,2017-07-19,OS,2017-11-08,MG
P0116,Kafka,Franz,en,male,NULL,NULL,NULL,NULL,1883,1924,,,PL0065,,,https://en.wikipedia.org/wiki/Franz_Kafka,,,,,2017-07-19,OS,2017-10-13,MG
P0116,卡夫卡 ,弗朗茨,zh,male,NULL,NULL,NULL,NULL,1883,1924,弗朗兹,,PL0065,,,https://en.wikipedia.org/wiki/Franz_Kafka,,,,,2017-07-19,OS,2017-10-13,MG
P0117,Kerouac,Jack,en,male,NULL,NULL,NULL,NULL,1922,1969,,,PL0066,,,https://en.wikipedia.org/wiki/Jack_Kerouac,,,,,2017-07-20,OS,2017-10-13,MG
P0117,杰克,凯鲁亚克 ,zh,male,NULL,NULL,NULL,NULL,1922,1969,,,PL0066,,,https://en.wikipedia.org/wiki/Jack_Kerouac,,,,,2017-07-20,OS,2017-10-13,MG
P0118,Milovan,Djilas,en,male,NULL,NULL,NULL,NULL,1911,1995,,,PL0059,,,https://en.wikipedia.org/wiki/Milovan_Djilas,,,,,2017-07-19,OS,2017-10-13,MG
P0118,Милован,Ђилас,sr,male,NULL,NULL,NULL,NULL,1911,1995,,,PL0059,NULL,NULL,https://en.wikipedia.org/wiki/Milovan_Djilas,,,,,2017-07-25,MG,2017-12-23,MG
P0118,米洛凡,吉拉斯,zh,male,NULL,NULL,NULL,NULL,1911,1995,密洛凡德热拉斯,zh,PL0059,NULL,NULL,https://en.wikipedia.org/wiki/Milovan_Djilas,,,,,2017-07-25,MG,2017-12-23,MG
P0119,Huang,Xiaolong,en,,yes,1963,1966,PL0006,1943,NULL,NULL,en,PL0012,,,T00026,,,,,2017-07-27,LH,2017-07-27,LH
P0119,黄,晓龙,zh,,yes,1963,1966,PL0006,1943,NULL,NULL,zh,PL0012,,,T00026,,,,,2017-07-27,LH,2017-09-16,CW
P0120,Zhang,Yang,en,male,yes,LENA,LENA,LENA,1944,,,,PL0060,,,,,,,,2017-08-01,LH,2017-11-06,OS
P0120,张, 扬,zh,male,yes,LENA,LENA,LENA,1944,,,,PL0060,,,,,,,,2017-08-01,LH,2017-11-06,OS
P0130,Xu,Chenggang,en,,,,,,,,,,,,,T00027,422,,,,2017-07-28,MG,2017-12-19,MG
P0130,许,成钢,zh,,,,,,,,,,,,,T00027,422,,,,2017-07-28,MG,2017-12-19,MG
P0131,Li,Daxing,en,,,,,,,,,,,,,T00044,554,,,,2017-07-28,MG,2017-12-19,MG
P0131,李,大兴,zh,,,,,,,,,,,,,T00044,554,,,,2017-07-28,MG,2017-12-19,MG
P0132,Tao,Jianhua,en,,,,,,,,,,,,,T00043,452,,,,2017-08-07,MG,2017-11-09,MG
P0132,陶,建华,zh,,,,,,,,,,,,,T00043,452,,,,2017-08-07,MG,2017-11-09,MG
P0133,Bo,Hua,en,male,,,,,1956,,NULL,NULL,PL0012,unknown,,T00044,533 539,,,,2017-08-07,MG,2017-12-19,MG
P0133,柏,桦,zh,male,,,,,1956,,NULL,NULL,PL0012,unknown,,T00044,533 539,,,,2017-08-07,MG,2017-12-19,MG
P0134,Lin,Mang,en,male,,,,,1949,,NULL,NULL,PL0104,S03,,T00045,291,,,,2017-08-11,MG,2017-12-19,MG
P0134,林,莽 ,zh,male,,,,,1949,,NULL,NULL,PL0104,S03,,T00045,291,,,,2017-08-11,MG,2017-12-19,MG
P0135,Liao,Yiwu,en,male,NULL,NULL,NULL,NULL,1958,,Lao Wei,en,PL0062,NULL,NULL,https://de.wikipedia.org/wiki/Liao_Yiwu,,,,,2017-08-11,MG,2017-12-19,MG
P0135,廖,亦武,zh,male,NULL,NULL,NULL,NULL,1958,,老 威,zh,PL0062,NULL,NULL,https://de.wikipedia.org/wiki/Liao_Yiwu,,,,,2017-08-11,MG,2017-11-06,OS
P0136,Bao,Jia,en,,yes,1970,1972,PL0072,1954,NULL,,,PL0002,,,T00110,495,,,"Mira: are we sure that this is the guy we are looking for? You don‘t mean this guy, right: https://baike.baidu.com/item/%E6%B1%A0%E5%AE%9D%E5%98%89 Btw, I  did not find him in the text file",2017-08-26,MG,2017-12-19,MG
P0136,宝,嘉,zh,,yes,1970,1972,PL0072,1954,NULL,,,PL0002,,,T00110,495,,,This person is a reader recorded in the Act-file and in the project bibliography,2017-08-26,MG,2017-11-09,MG
P0137,Fan,Qian,en,,no,NULL,NULL,NULL,,,,,PL0003,,,T00044,353,,,,2017-08-31,MG,2017-12-19,MG
P0137,范,迁,zh,,no,NULL,NULL,NULL,,,,,PL0003,,,T00044,353,,,,2017-08-31,MG,2017-12-19,MG
P0138,Bao ,Kun,en,male,no,NULL,NULL,NULL,1953,NULL,NULL,NULL,PL0002,unknown,,T00111,196,,,,2017-08-31,MG,2017-12-19,MG
P0138,鲍,昆,zh,male,no,NULL,NULL,NULL,1953,NULL,NULL,NULL,PL0002,unknown,,T00111,196,,,,2017-08-31,MG,2017-12-19,MG
P0139,Xiao,Xiao,en,,,,,,,,,,,,,,,,,,2017-08-31,MG,2017-08-31,MG
P0139,萧,萧,zh,,,,,,,,,,,,,,,,,,2017-08-31,MG,2017-08-31,MG
P0140,Chen,Danqing,en,male,yes,1969,unknown,PL0067,1953,,NULL,NULL,PL0003,NULL,,T00044,74,,,,2017-08-31,MG,2017-12-23,MG
P0140,陈,丹青,zh,male,yes,1969,unknown,PL0067,1953,,NULL,NULL,PL0003,NULL,,T00044,74,,,,2017-08-31,MG,2017-12-23,MG
P0141,Deledda,Grazia ,en,female,NULL,NULL,NULL,NULL,1871,1936,NULL,NULL,PL0068,NULL,NULL,https://de.wikipedia.org/wiki/Grazia_Deledda,,,,,2017-09-06,CW,2017-12-23,MG
P0141,格拉齐亚,黛莱达 ,zh,female,NULL,NULL,NULL,NULL,1871,1936,NULL,NULL,PL0068,NULL,NULL,https://de.wikipedia.org/wiki/Grazia_Deledda,,,,,2017-09-06,CW,2017-12-23,MG
P0142,Lin,Da,en,,yes,,,PL0008,1952,,Dinglin,en,PL0003,,,,,,,,2017-09-06,CW,2017-09-24,CW
P0142,林,达,zh,,yes,,,PL0008,1952,,丁林,zh,PL0003,,,,,,,,2017-09-06,CW,2017-09-24,CW
P0143,Jin,Zhong,en,,,,,PL0011,1926,2008,Zhang Shijing,en,PL0069,,,,,,,,2017-09-06,CW,2017-09-06,CW
P0143,金,中,zh,,,,,PL0011,1926,2008,章世箐 ,zh,PL0069,,,,,,,,2017-09-06,CW,2017-09-06,CW
P0144,Bei,Shan,en,,,,,,,,,,,,,T00011,78,,,,2017-09-20,MG,2017-12-23,MG
P0144,贝,山,zh,,,,,,,,,,,,,T00011,78,,,,2017-09-20,MG,2017-12-23,MG
P0145,Brontë,Charlotte,en,female,NULL,NULL,NULL,NULL,1816,1855,Currer Bell,en,PL0071,NULL,NULL,https://de.wikipedia.org/wiki/Charlotte_Bront%C3%AB,,,,,2017-09-22,MG,2017-10-13,MG
P0145,勃朗特,夏綠蒂,zh,female,NULL,NULL,NULL,NULL,1816,1855,,,PL0071,NULL,NULL,https://de.wikipedia.org/wiki/Charlotte_Bront%C3%AB,,,,,2017-09-22,MG,2017-10-13,MG
P0150,Link,Perry,en,male,NULL,NULL,NULL,NULL,1944,,NULL,NULL,,NULL,NULL,https://en.wikipedia.org/wiki/Perry_Link,,,,,2017-09-22,MG,2017-12-23,MG
P0150, 林,培瑞,zh,male,NULL,NULL,NULL,NULL,1944,,NULL,NULL,,NULL,NULL,https://en.wikipedia.org/wiki/Perry_Link,,,,,2017-09-22,MG,2017-12-23,MG
P0151,Camus,Albert,fr,male,NULL,NULL,NULL,NULL,1913,1960,NULL,NULL,PL0073,NULL,NULL,https://de.wikipedia.org/wiki/Albert_Camus,,,,,2017-09-22,MG,2017-12-23,MG
P0151,加缪,阿尔贝,zh,male,NULL,NULL,NULL,NULL,1913,1960,NULL,NULL,PL0073,NULL,NULL,https://zh.wikipedia.org/wiki/%E9%98%BF%E5%B0%94%E8%B4%9D%C2%B7%E5%8A%A0%E7%BC%AA,,,,,2017-09-22,MG,2017-12-23,MG
P0152,Cao,Xueqin,en,male,NULL,NULL,NULL,NULL,1715-1724,1762-1763,,,,NULL,NULL,https://de.wikipedia.org/wiki/Der_Traum_der_Roten_Kammer,,,,,2017-09-22,MG,2017-11-06,OS
P0152,曹,雪芹,zh,male,NULL,NULL,NULL,NULL,1715-1724,1762-1763,,,,NULL,NULL,https://zh.wikipedia.org/wiki/%E6%9B%B9%E9%9B%AA%E8%8A%B9,,,,,2017-09-22,MG,2017-11-06,OS
P0153,Yu,Pingbo,en,male,yes,CHIA-YI,,,1900,1990,Yu Mingheng,en,,S03,,https://en.wikipedia.org/wiki/Yu_Pingbo,,,,,2017-09-22,MG,2017-11-06,OS
P0153,俞,平伯,zh,male,yes,,,,1900,1990,俞銘衡,zh,,S03,,https://en.wikipedia.org/wiki/Yu_Pingbo,,,,,2017-09-22,MG,2017-11-06,OS
P0154,Yan,Lianke,en,male,no,NULL,NULL,NULL,1958,,NULL,NULL,PL0077,S09 ,,https://de.wikipedia.org/wiki/Yan_Lianke,,,,,2017-09-22,MG,2017-11-06,OS
P0154,阎,连科,zh,male,no,NULL,NULL,NULL,1958,,NULL,NULL,PL0077,S09 ,,https://paper-republic.org/authors/yan-lianke/,,,,,2017-09-22,MG,2017-11-06,OS
P0155,,,,,,,,,,,,,,,,,,,,,,,,
P0155,,,,,,,,,,,,,,,,,,,,,,,,
P0156,Qi,Zhi,en,male,no,NULL,NULL,NULL,,,,,,,,,,,,,2017-09-24,CW,2017-11-07,LH
P0156,启,之,zh,male,no,NULL,NULL,NULL,,,,,,,,,,,,,2017-09-24,CW,2017-11-07,LH
P0157,Li,Dazhao,en,male,NULL,NULL,NULL,NULL,1889,1927,,,PL0076,,,http://www.xujuneberlein.com/rem72.html,,,,,2017-09-24,CW,2017-11-06,OS
P0157,李,大釗,zh,male,NULL,NULL,NULL,NULL,1889,1927,,,PL0076,,,http://www.xujuneberlein.com/rem72.html,,,,,2017-09-24,CW,2017-11-06,OS
P0158,Chaplin,Charlie,en,male,NULL,NULL,NULL,NULL,1889,1977,Charles Spencer Chaplin,en,PL0036,NULL,NULL,https://de.wikipedia.org/wiki/Charlie_Chaplin,,,,,2017-09-27,MG,2017-10-13,MG
P0158,卓别林,查理,zh,male,NULL,NULL,NULL,NULL,1889,1977,查尔斯 斯宾赛,zh,PL0036,NULL,NULL,https://zh.wikipedia.org/wiki/%E6%9F%A5%E7%90%86%C2%B7%E5%8D%93%E5%88%AB%E6%9E%97,,,,,2017-09-27,MG,2017-10-13,MG
P0159,Chekhov,Anton,en,male,NULL,NULL,NULL,NULL,1860,1904,NULL,NULL,PL0078,NULL,NULL,https://en.wikipedia.org/wiki/Anton_Chekhov,,,,,2017-09-27,MG,2017-12-23,MG
P0159,契诃夫,安东,zh,male,NULL,NULL,NULL,NULL,1860,1904,NULL,NULL,PL0078,NULL,NULL,https://en.wikipedia.org/wiki/Anton_Chekhov,,,,,2017-09-27,MG,2017-12-23,MG
P0159,Че́хов ,Анто́н ,ru,male,NULL,NULL,NULL,NULL,1860,1904,NULL,NULL,PL0078,NULL,NULL,https://en.wikipedia.org/wiki/Anton_Chekhov,,,,,2017-09-27,MG,2017-12-23,MG
P0160,Dickens,Charles,en,male,NULL,NULL,NULL,NULL,1812,1870,NULL,NULL,PL0083,NULL,NULL,https://en.wikipedia.org/wiki/Charles_Dickens,,,,,2017-09-29,MG,2017-12-23,MG
P0160,狄更斯,查尔斯,zh,male,NULL,NULL,NULL,NULL,1812,1870,NULL,NULL,PL0083,NULL,NULL,https://en.wikipedia.org/wiki/Charles_Dickens,,,,,2017-09-29,MG,2017-12-23,MG
P0161,Chernyshevsky,Nikolay Gavrilovich,en,male,NULL,NULL,NULL,NULL,1828,1889,NULL,NULL,PL0079,NULL,NULL,https://en.wikipedia.org/wiki/Nikolay_Chernyshevsky,,,,,2017-09-29,MG,2017-12-23,MG
P0161,车尔尼雪夫斯基,尼古拉 加夫里诺维奇,zh,male,NULL,NULL,NULL,NULL,1828,1889,NULL,NULL,PL0079,NULL,NULL,https://en.wikipedia.org/wiki/Nikolay_Chernyshevsky,,,,,2017-09-29,MG,2017-12-23,MG
P0161,Николай ,Гаврилович Чернышевский,ru,male,NULL,NULL,NULL,NULL,1828,1889,NULL,NULL,PL0079,NULL,NULL,https://en.wikipedia.org/wiki/Nikolay_Chernyshevsky,,,,,2017-09-29,MG,2017-12-23,MG
P0162,Hai,Mo,en,male,NULL,NULL,NULL,NULL,1923,1968,,,PL0105,NULL,NULL,https://baike.baidu.com/item/%E6%B5%B7%E9%BB%98,,,,,2017-10-03,MG,2017-12-23,MG
P0162,海,默,zh,male,NULL,NULL,NULL,NULL,1923,1968,原名张泽藩 ,zh,PL0105,NULL,NULL,https://baike.baidu.com/item/%E6%B5%B7%E9%BB%98,,,,,2017-10-03,MG,2017-12-23,MG
P0163,Li,Shu,en,,NULL,NULL,NULL,NULL,1883,1954,,,PL0081,,,https://zh.wikipedia.org/wiki/%E9%BB%8E%E6%BE%8D,,,,,2017-10-03,MG,2017-10-03,MG
P0163,黎,澍,zh,,NULL,NULL,NULL,NULL,1883,1954,,,PL0081,,,https://zh.wikipedia.org/wiki/%E9%BB%8E%E6%BE%8D,,,,,2017-10-03,MG,2017-10-03,MG
P0164,Chen,Jingrong,en,,,,,,1917,1989,,,PL0006,,,https://zh.wikipedia.org/wiki/%E9%99%88%E6%95%AC%E5%AE%B9,,,,,2017-10-03,MG,2017-10-03,MG
P0164,陈,敬容,zh,,,,,,1917,1989,陈懿范,zh,PL0006,,,https://zh.wikipedia.org/wiki/%E9%99%88%E6%95%AC%E5%AE%B9,,,,,2017-10-03,MG,2017-10-03,MG
P0165,Jiang,Dingyue,en,,,,,,,,,,,,,,,,,,2017-10-03,MG,2017-10-03,MG
P0165,蔣,定粵,zh,,,,,,,,,,,,,,,,,,2017-10-03,MG,2017-10-03,MG
P0166,Wu,,en,female,,,,,,,,,,,,,,,,(Wu Hong‘s mother),2017-10-03,MG,2017-10-13,MG
P0166,鸿,,zh,female,,,,,,,,,,,,,,,,,2017-10-03,MG,2017-10-13,MG
P0167,Yan,Wenliang,en,male,,,,,1893,1988,,,PL0082,,,https://zh.wikipedia.org/wiki/%E9%A1%8F%E6%96%87%E6%A8%91,,,,,2017-10-03,MG,2017-12-23,MG
P0167,颜,文樑 ,zh,male,,,,,1893,1988,,,PL0082,,,https://zh.wikipedia.org/wiki/%E9%A1%8F%E6%96%87%E6%A8%91,,,,,2017-10-03,MG,2017-12-23,MG
P0168,Xiao,Xia,en,,,,,,,,,,,,,,,,,,2017-10-03,MG,2017-10-03,MG
P0168,,,zh,,,,,,,,,,,,,,,,,,2017-10-03,MG,2017-10-03,MG
P0169,Wang,Hanying,en,,,,,,,,,,,,,,,,,,2017-10-03,MG,2017-10-03,MG
P0169,,,zh,,,,,,,,,,,,,,,,,,2017-10-03,MG,2017-10-03,MG
P0170,Zhang,(Zhang Langlang‘s father),en,male,,,,,,,,,,,,,,,,,2017-10-03,MG,2017-10-13,MG
P0170,张,,zh,male,,,,,,,,,,,,,,,,,2017-10-03,MG,2017-10-13,MG
P0171,Teacher Ling,,en,,,,,,,,,,,,,,,,,,2017-10-03,MG,2017-10-03,MG
P0171,凌老师,,zh,,,,,,,,,,,,,,,,,,2017-10-03,MG,2017-10-03,MG
P0172,,Zhenzhen,en,,,,,,,,,,,,,,,,,,2017-10-03,MG,2017-10-03,MG
P0172,,,zh,,,,,,,,,,,,,,,,,,2017-10-03,MG,2017-10-03,MG
P0173,Liu,Nina,en,,,,,,,,,,,,,,,,,,2017-10-03,MG,2017-10-03,MG
P0173,刘,妮娜,zh,,,,,,,,,,,,,,,,,,2017-10-03,MG,2017-10-03,MG
P0174,Mao,Zedong,en,male,NULL,NULL,NULL,NULL,1893,1976,NULL,NULL,PL0080,NULL,NULL,https://en.wikipedia.org/wiki/Mao_Zedong,,,,,2017-10-03,MG,2017-12-23,MG
P0174,毛,泽东,zh,male,NULL,NULL,NULL,NULL,1893,1976,NULL,NULL,PL0080,NULL,NULL,https://en.wikipedia.org/wiki/Mao_Zedong,,,,,2017-10-03,MG,2017-12-23,MG
P0175,Peng,Yilin,en,,,,,,,,,,,,,,,,,,2017-10-03,MG,2017-10-03,MG
P0175,,,zh,,,,,,,,,,,,,,,,,,2017-10-03,MG,2017-10-03,MG
P0176,Dedijer ,Vladimir,en,male,NULL,NULL,NULL,NULL,1914,1990,NULL,NULL,PL0088,NULL,NULL,https://de.wikipedia.org/wiki/Vladimir_Dedijer,,,,,2017-10-08,MG,2017-12-23,MG
P0176,杰吉耶尔,弗拉吉米尔,zh,male,NULL,NULL,NULL,NULL,1914,1990,NULL,NULL,PL0088,NULL,NULL,https://de.wikipedia.org/wiki/Vladimir_Dedijer,,,,,2017-10-08,MG,2017-12-23,MG
P0177,De Santis,Giuseppe,it,male,NULL,NULL,NULL,NULL,1917,1997,NULL,NULL,PL0086,NULL,NULL,https://de.wikipedia.org/wiki/Giuseppe_De_Santis,,,,,2017-10-08,MG,2017-12-23,MG
P0177,德桑蒂斯,朱塞佩,zh,male,NULL,NULL,NULL,NULL,1917,1997,NULL,NULL,PL0086,NULL,NULL,https://de.wikipedia.org/wiki/Giuseppe_De_Santis,,,,,2017-10-08,MG,2017-12-23,MG
P0178,Darwin,Charles,en,male,NULL,NULL,NULL,NULL,1809,1882,NULL,NULL,PL0085,NULL,NULL,https://de.wikipedia.org/wiki/Charles_Darwin,,,,,2017-10-08,MG,2017-12-23,MG
P0178,达尔文,查尔斯,zh,male,NULL,NULL,NULL,NULL,1809,1882,NULL,NULL,PL0085,NULL,NULL,https://de.wikipedia.org/wiki/Charles_Darwin,,,,,2017-10-08,MG,2017-12-23,MG
P0179,Crankshaw ,Edward ,en,male,NULL,NULL,NULL,NULL,1909,1984,NULL,NULL,PL0087,NULL,NULL,https://en.wikipedia.org/wiki/Edward_Crankshaw,,,,,2017-10-08,MG,2017-12-23,MG
P0179,克兰克肖,爱德华,zh,male,NULL,NULL,NULL,NULL,1909,1984,NULL,NULL,PL0087,NULL,NULL,https://en.wikipedia.org/wiki/Edward_Crankshaw,,,,,2017-10-08,MG,2017-12-23,MG
P0180,Song,Yongyi,en,male,,,,,1949,,,,PL0003,,,https://fr.wikipedia.org/wiki/Song_Yongyi,,,,,2017-10-09,MG,2017-10-14,CW
P0180,宋,永毅,zh,male,,,,,1949,,,,PL0003,,,https://fr.wikipedia.org/wiki/Song_Yongyi,,,,,2017-10-09,MG,2017-10-14,CW
P0181,Marx,Karl,en,male,NULL,NULL,NULL,NULL,1818,1883,NULL,NULL,PL0095,NULL,NULL,https://en.wikipedia.org/wiki/Karl_Marx,,,,,2017-10-24,MG,2017-12-23,MG
P0181,马克思,卡尔,zh,male,NULL,NULL,NULL,NULL,1818,1883,NULL,NULL,PL0095,NULL,NULL,https://en.wikipedia.org/wiki/Karl_Marx,,,,,2017-10-24,MG,2017-12-23,MG
P0182,Lenin,Vladimir,en,male,NULL,NULL,NULL,NULL,1870,1924,Vladimir Ilyich Ulyanov,en,PL0094,NULL,NULL,https://en.wikipedia.org/wiki/Vladimir_Lenin,,,,,2017-10-24,MG,2017-12-23,MG
P0182,列寧,弗拉基米尔,zh,male,NULL,NULL,NULL,NULL,1870,1924,弗拉基米尔 伊里奇 列宁,zh,PL0094,NULL,NULL,https://en.wikipedia.org/wiki/Vladimir_Lenin,,,,,2017-10-24,MG,2017-12-23,MG
P0182,Ленин,Владимир,ru,male,NULL,NULL,NULL,NULL,1870,1924,Влади́мир Ильи́ч Улья́нов,ru,PL0094,NULL,NULL,https://en.wikipedia.org/wiki/Vladimir_Lenin,,,,,2017-10-24,MG,2017-12-23,MG
P0183,Li,Ruzhen,en,male,NULL,NULL,NULL,NULL,1763,1830,Songsh Daoren,en,PL0002,NULL,NULL,https://en.wikipedia.org/wiki/Li_Ruzhen,,,,,2017-10-25,MG,2017-12-23,MG
P0183,李,汝珍 ,zh,male,NULL,NULL,NULL,NULL,1763,1830,松石道人 ,zh,PL0002,NULL,NULL,https://en.wikipedia.org/wiki/Li_Ruzhen,,,,,2017-10-25,MG,2017-12-23,MG
P0184,Fan,Zhen,en,male,NULL,NULL,NULL,NULL,450,515,NULL,NULL,PL0097,NULL,NULL,https://en.wikipedia.org/wiki/Fan_Zhen,,,,,2017-10-30,MG,2017-12-23,MG
P0184,范,缜,zh,male,NULL,NULL,NULL,NULL,450,515,NULL,NULL,PL0097,NULL,NULL,https://en.wikipedia.org/wiki/Fan_Zhen,,,,,2017-10-30,MG,2017-12-23,MG
P0185,Yi,Jia,zh,male,NULL,NULL,NULL,NULL,200,169,Yi Sheng,en,PL0077,NULL,NULL,https://en.wikipedia.org/wiki/Jia_Yi,,,,,2017-10-30,MG,2017-12-23,MG
P0185,贾,谊 ,en,male,NULL,NULL,NULL,NULL,200,169,贾生 ,zh,PL0077,NULL,NULL,https://en.wikipedia.org/wiki/Jia_Yi,,,,,2017-10-30,MG,2017-12-23,MG
P0186,Kongzi,,en,male,NULL,NULL,NULL,NULL,551,479,Kong Fuzi,en,PL0098,NULL,NULL,https://de.wikipedia.org/wiki/Konfuzius,,,,,2017-10-30,MG,2017-12-23,MG
P0186,孔子,,zh,male,NULL,NULL,NULL,NULL,551,479,孔夫子,zh,PL0098,NULL,NULL,https://de.wikipedia.org/wiki/Konfuzius,,,,,2017-10-30,MG,2017-12-23,MG
P0187,Kuan,Huan,en,male,NULL,NULL,NULL,NULL,unknown,unknown,NULL,NULL,PL0099,NULL,NULL,https://zh.wikipedia.org/wiki/%E6%A1%93%E5%AF%AC,,,,,2017-10-30,MG,2017-12-23,MG
P0187,桓,宽,zh,male,NULL,NULL,NULL,NULL,unknown,unknown,NULL,NULL,PL0099,NULL,NULL,https://zh.wikipedia.org/wiki/%E6%A1%93%E5%AF%AC,,,,,2017-10-30,MG,2017-12-23,MG
P0999,anonymous, ,en,NULL,NULL,NULL,NULL,NULL,NULL,NULL,NULL,NULL,NULL,,NULL,NULL,,,,,2017-11-07,DP,2017-11-07,DP
P0999,无名, ,zh,NULL,NULL,NULL,NULL,NULL,NULL,NULL,NULL,NULL,NULL,,NULL,NULL,,,,,2017-11-07,DP,2017-11-07,DP
P0188,Salinger,Jerome David,en,male,NULL,NULL,NULL,NULL,1919,2010,NULL,NULL,PL0050,NULL,NULL,https://de.wikipedia.org/wiki/J._D._Salinger,,,,,2017-12-14,MG,2017-12-23,MG
P0188,塞林格,杰罗姆 大卫,zh,male,NULL,NULL,NULL,NULL,1919,2010,NULL,NULL,PL0050,NULL,NULL,https://de.wikipedia.org/wiki/J._D._Salinger,,,,,2017-12-14,MG,2017-12-23,MG
P0189,Turgenev,Ivan Sergeyevich,en,male,NULL,NULL,NULL,NULL,1818,1883,NULL,NULL,PL0030,NULL,NULL,https://en.wikipedia.org/wiki/Ivan_Turgenev,,,,,2017-12-14,MG,2017-12-23,MG
P0189,Турге́нев,Ива́н Серге́евич,ru,male,NULL,NULL,NULL,NULL,1818,1883,NULL,NULL,PL0030,NULL,NULL,https://en.wikipedia.org/wiki/Ivan_Turgenev,,,,,2017-12-14,MG,2017-12-23,MG
P0189,屠格涅夫,伊万 谢尔盖耶维奇,zh,male,NULL,NULL,NULL,NULL,1818,1883,NULL,NULL,PL0030,NULL,NULL,https://en.wikipedia.org/wiki/Ivan_Turgenev,,,,,2017-12-14,MG,2017-12-23,MG
P0190,Ilin,Mikhail,en,male,NULL,NULL,NULL,NULL,1895,1953,NULL,NULL,,NULL,NULL,http://worldcat.org/identities/viaf-97149066624865602270/,,,,,2017-12-19,MG,2017-12-23,MG
P0190,伊林,米,zh,male,NULL,NULL,NULL,NULL,1895,1953,NULL,NULL,,NULL,NULL,http://worldcat.org/identities/viaf-97149066624865602270/,,,,,2017-12-19,MG,2017-12-23,MG
P0190,Ильин,Михаил,ru,male,NULL,NULL,NULL,NULL,1895,1953,NULL,NULL,,NULL,NULL,http://worldcat.org/identities/viaf-97149066624865602270/,,,,,2017-12-19,MG,2017-12-23,MG
P0191,Wang,Yinglin,en,male,NULL,NULL,NULL,NULL,1223,1296,NULL,NULL,PL0069,,NULL,http://www.chinaknowledge.de/History/Song/personswangyinglin.html,,,,,2017-12-23,OS,2017-12-23,OS
P0191,王,應麟 ,zh,male,NULL,NULL,NULL,NULL,1223,1296,NULL,NULL,PL0069,,NULL,http://www.chinaknowledge.de/History/Song/personswangyinglin.html,,,,,2017-12-23,OS,2017-12-23,OS
P0192,Feng,Menglong,en,male,NULL,NULL,NULL,NULL,1574,1646,NULL,NULL,PL0103,,NULL,https://en.wikipedia.org/wiki/Feng_Menglong,,,,,2017-12-23,OS,2017-12-23,OS
P0192,冯,梦龙,zh,male,NULL,NULL,NULL,NULL,1574,1646,NULL,NULL,PL0103,,NULL,https://en.wikipedia.org/wiki/Feng_Menglong,,,,,2017-12-23,OS,2017-12-23,OS
P0193,Stalin,Joseph Vissarionovich,en,male,NULL,NULL,NULL,NULL,1878,1953,NULL,NULL,PL0105,,NULL,https://en.wikipedia.org/wiki/Joseph_Stalin,,,,,2017-12-23,OS,2017-12-23,OS
P0193,Сталин,Иосиф Виссарионович,ru,male,NULL,NULL,NULL,NULL,1878,1953,NULL,NULL,PL0105,,NULL,https://en.wikipedia.org/wiki/Joseph_Stalin,,,,,2017-12-23,OS,2017-12-23,OS
P0194,Lin,Liguo,en,male,NULL,NULL,NULL,NULL,1946,1971,NULL,NULL,unknown,,YES,T00124,544,,,"1945 and 1946 can be found for his birth year, academic publications rather stick to 1946. Generally speaking, few information is known about his early years.",2017-12-23,OS,2017-12-23,OS
P0194,林,立果,zh,male,NULL,NULL,NULL,NULL,1946,1971,NULL,NULL,unknown,,YES,T00124,544,,,"1945 and 1946 can be found for his birth year, academic publications rather stick to 1946. Generally speaking, few information is known about his early years.",2017-12-23,OS,2017-12-23,OS
P0195,Pantsov,Alexander,en,male,NULL,NULL,NULL,NULL,1955,,NULL,NULL,PL0106,,NULL,https://prabook.com/web/alexander_vadimovich.pantsov/640626,,,,,2017-12-23,OS,2017-12-23,OS
P0196,Sun Chang ,Kang-i ,en,male,NULL,NULL,NULL,NULL,1944,,NULL,NULL,PL0002,NULL,NULL,https://en.wikipedia.org/wiki/Kang-i_Sun_Chang,,,,,2017-12-29,OS,2017-12-29,OS
P0196,孫,康宜,zh,male,NULL,NULL,NULL,NULL,1944,,NULL,NULL,PL0002,NULL,NULL,https://en.wikipedia.org/wiki/Kang-i_Sun_Chang,,,,,2017-12-29,OS,2017-12-29,OS
